PDB	Family	Protein Type	Subtype	CrossDocking_Family	RMSD mmaker	Atoms Between	Rotatable	MW	Charge	2010/2012	Checked By
3HMM	Misc	TGF-beta_receptor_type_I	--	--	--	--	--	--	--	2021	CC
1FPU	ABL_Kinase 	ABL_Kinase 	--	ABL_Kinase 	0	275	5	382.425	0	2012	sm/tb
2E2B	ABL_Kinase 	ABL_Kinase 	--	ABL_Kinase 	0.384	259	9	576.624	0	2012	sm/tb
3CS9	ABL_Kinase 	ABL_Kinase 	--	ABL_Kinase 	0.415	257	9	444.655	0	2012	sm/tb
1IEP	ABL_Kinase 	ABL_Kinase 	--	ABL_Kinase 	0.417	269	7	493.611	0	2012	sm/tb
2HYY	ABL_Kinase 	ABL_Kinase 	--	ABL_Kinase 	0.464	258	7	493.611	0	2012	sm/tb
2HZN	ABL_Kinase 	ABL_Kinase 	--	ABL_Kinase 	0.478	259	7	373.334	0	2012	sm/tb
1M52	ABL_Kinase 	ABL_Kinase 	--	ABL_Kinase 	0.524	233	4	443.356	0	2012	sm/tb
3IK3	ABL_Kinase 	ABL_Kinase 	--	ABL_Kinase 	0.535	250	1	138.123	0	2012	sm/tb
3OY3	ABL_Kinase 	ABL_Kinase 	--	ABL_Kinase 	0.541	255	11	568.599	0	2012	sm/tb
3K5V	ABL_Kinase 	ABL_Kinase 	--	ABL_Kinase 	0.548	257	4	133.171	1	2012	sm/tb
3OXZ	ABL_Kinase 	ABL_Kinase 	--	ABL_Kinase 	0.559	241	6	532.568	0	2012	sm/tb
3KFA	ABL_Kinase 	ABL_Kinase 	--	ABL_Kinase 	0.562	253	6	443.448	0	2012	sm/tb
2F4J	ABL_Kinase 	ABL_Kinase 	--	ABL_Kinase 	0.576	234	8	464.594	0	2012	sm/tb
3KF4	ABL_Kinase 	ABL_Kinase 	--	ABL_Kinase 	0.642	230	7	493.611	0	2012	sm/tb
3QRI	ABL_Kinase 	ABL_Kinase 	--	ABL_Kinase 	0.65	246	10	553.596	0	2012	sm/tb
2HZI	ABL_Kinase 	ABL_Kinase 	--	ABL_Kinase 	0.673	231	3	429.28	0	2012	sm/tb
2GQG	ABL_Kinase 	ABL_Kinase 	--	ABL_Kinase 	0.69	233	9	488.013	0	2012	sm/tb
2QOH	ABL_Kinase 	ABL_Kinase 	--	ABL_Kinase 	0.695	234	4	372.426	0	2012	sm/tb
1OPK	ABL_Kinase 	ABL_Kinase 	--	ABL_Kinase 	0.707	232	5	427.289	0	2012	sm/tb
3QRJ	ABL_Kinase 	ABL_Kinase 	--	ABL_Kinase 	0.707	242	10	553.596	0	2012	sm/tb
2Z60	ABL_Kinase 	ABL_Kinase 	--	ABL_Kinase 	0.713	234	3	153.008	-3	2012	sm/tb
3QRK	ABL_Kinase 	ABL_Kinase 	--	ABL_Kinase 	0.731	246	7	502.399	0	2012	sm/tb
2HZ4	ABL_Kinase 	ABL_Kinase 	--	ABL_Kinase 	0.809	226	2	470.571	0	2012	sm/tb
2HZ0	ABL_Kinase 	ABL_Kinase 	--	ABL_Kinase 	0.863	221	9	429.442	0	2012	sm/tb
1ACJ	Acetylcholinesterase	Acetylcholinesterase	--	Acetylcholinesterase 	0	528	1	198.268	0	2010	sm/tb
1.00E+66	Acetylcholinesterase	Acetylcholinesterase	--	Acetylcholinesterase	0.32	528	2	298.815	0	2010	sm/tb
2CKM	Acetylcholinesterase	Acetylcholinesterase	--	Acetylcholinesterase	0.338	528	10	492.707	0	2010	sm/tb
1H23	Acetylcholinesterase	Acetylcholinesterase	--	Acetylcholinesterase	0.339	528	15	496.737	2	2010	sm/tb
1Q84	Acetylcholinesterase	Acetylcholinesterase	--	Acetylcholinesterase	0.344	527	13	661.873	1	2010	sm/tb
1GPK	Acetylcholinesterase	Acetylcholinesterase	--	Acetylcholinesterase	0.355	528	1	243.329	1	2012	sm/tb
1GPN	Acetylcholinesterase	Acetylcholinesterase	--	Acetylcholinesterase	0.358	527	0	257.356	1	2010	sm/tb
1H22	Acetylcholinesterase	Acetylcholinesterase	--	Acetylcholinesterase	0.358	528	13	468.683	2	2010	sm/tb
1VOT	Acetylcholinesterase	Acetylcholinesterase	--	Acetylcholinesterase	0.363	528	1	243.329	1	2010	sm/tb
1W76	Acetylcholinesterase	Acetylcholinesterase	--	Acetylcholinesterase	0.366	527	2	286.351	1	2010	sm/tb
2ACK	Acetylcholinesterase	Acetylcholinesterase	--	Acetylcholinesterase	0.367	528	2	166.243	1	2010	sm/tb
1EVE	Acetylcholinesterase	Acetylcholinesterase	--	Acetylcholinesterase	0.369	528	6	380.507	1	2010	sm/tb
1ZGC	Acetylcholinesterase	Acetylcholinesterase	--	Acetylcholinesterase	0.375	528	13	501.735	1	2010	sm/tb
1UT6	Acetylcholinesterase	Acetylcholinesterase	--	Acetylcholinesterase	0.386	528	9	326.505	1	2010	sm/tb
1W6R	Acetylcholinesterase	Acetylcholinesterase	--	Acetylcholinesterase	0.415	528	2	287.359	0	2010	sm/tb
1W4L	Acetylcholinesterase	Acetylcholinesterase	--	Acetylcholinesterase	0.42	522	11	529.656	1	2010	sm/tb
2CMF	Acetylcholinesterase	Acetylcholinesterase	--	Acetylcholinesterase	0.526	518	8	464.654	0	2010	sm/tb
1ODC	Acetylcholinesterase	Acetylcholinesterase	--	Acetylcholinesterase	0.704	505	11	452.643	0	2010	sm/tb
2HA2	Acetylcholinesterase	Acetylcholinesterase	--	Acetylcholinesterase	0.704	508	11	290.403	2	2010	sm/tb
1J07	Acetylcholinesterase	Acetylcholinesterase	--	Acetylcholinesterase	0.707	506	13	482.712	2	2010	sm/tb
2OI0	ADAM	ADAM	17	--	--	--	--	--	--	2021	CC
1R55	ADAM	ADAM	--	--	--	--	13	331.412	0	2012	sm/tb
1ADD	Adenosine_Deaminase	Adenosine_Deaminase	--	Adenosine_Deaminase	0	349	6	266.257	0	2010	sm/tb
2ADA	Adenosine_Deaminase	Adenosine_Deaminase	--	Adenosine_Deaminase	0.159	349	6	270.245	0	2010	sm/tb
1NDY	Adenosine_Deaminase	Adenosine_Deaminase	--	Adenosine_Deaminase	0.581	342	8	309.368	0	2012	sm/tb
1NDZ	Adenosine_Deaminase	Adenosine_Deaminase	--	Adenosine_Deaminase	0.622	341	13	499.572	0	2012	sm/tb
1NDW	Adenosine_Deaminase	Adenosine_Deaminase	--	Adenosine_Deaminase	0.628	343	8	259.308	0	2012	sm/tb
1NDV	Adenosine_Deaminase	Adenosine_Deaminase	--	Adenosine_Deaminase	0.63	338	6	370.482	1	2012	sm/tb
1UML	Adenosine_Deaminase	Adenosine_Deaminase	--	Adenosine_Deaminase	0.631	342	13	445.521	0	2012	sm/tb
2E1W	Adenosine_Deaminase	Adenosine_Deaminase	--	--	--	--	--	--	--	2021	CC
1WC0	Adenylate_Cyclase	Adenylate_Cyclase	--	--	0	396	11	501.18	-4	2010	sm/tb
2BW7	Adenylate_Cyclase	Adenylate_Cyclase	--	--	0.946	311	11	501.18	-4	2010	sm/tb
1WC5	Adenylate_Cyclase	Adenylate_Cyclase	--	--	0.971	312	11	501.18	-4	2010	sm/tb
2VT4	Adrenergic_Receptor	Adrenergic_Receptor	--	--	0	274	8	461.99	0	2012	sm/tb
2Y00	Adrenergic_Receptor	Adrenergic_Receptor	--	--	0.543	257	7	287.362	0	2012	sm/tb
2Y03	Adrenergic_Receptor	Adrenergic_Receptor	--	--	0.543	258	9	368.432	0	2012	sm/tb
2Y02	Adrenergic_Receptor	Adrenergic_Receptor	--	--	0.572	257	10	301.385	0	2012	sm/tb
2Y04	Adrenergic_Receptor	Adrenergic_Receptor	--	--	0.579	257	7	211.261	0	2012	sm/tb
2Y01	Adrenergic_Receptor	Adrenergic_Receptor	--	--	0.606	257	10	301.385	0	2012	sm/tb
3NY8	Adrenergic_Receptor	Adrenergic_Receptor	B2	--	--	--	--	--	--	2021	CC
1OZ0	AICAR_Transformylase	AICAR_Transformylase	--	--	0	1180	23	811.615	-4	2010	sm/tb
1THZ	AICAR_Transformylase	AICAR_Transformylase	--	--	0.695	1159	8	493.455	-3	2010	sm/tb
2HV5	Aldose_Reductase	Aldose_Reductase	--	--	--	--	--	--	--	2021	CC
1T40	Aldose_Reductase	Aldose_Reductase	--	--	--	--	7	413.329	-1	2012	sm/tb
1U2Y	Alpha_Amylase	Alpha_Amylase	--	--	0	496	6	190.156	0	2010	sm/tb
1XD0	Alpha_Amylase	Alpha_Amylase	--	--	0.175	496	28	808.762	1	2010	sm/tb
1XD1	Alpha_Amylase	Alpha_Amylase	--	--	0.19	496	34	970.904	1	2010	sm/tb
1U33	Alpha_Amylase	Alpha_Amylase	--	--	0.313	495	19	530.483	0	2010	sm/tb
1HWW	Alpha_Mannosidase_II	Alpha_Mannosidase_II	--	--	0	1014	3	174.22	1	2010	sm/tb
1TQT	Alpha_Mannosidase_II	Alpha_Mannosidase_II	--	--	0.126	1013	12	334.368	0	2010	sm/tb
1R33	Alpha_Mannosidase_II	Alpha_Mannosidase_II	--	--	0.13	1014	5	196.247	1	2010	sm/tb
1PS3	Alpha_Mannosidase_II	Alpha_Mannosidase_II	--	--	0.14	1014	5	232.193	0	2010	sm/tb
1XOW	Androgen_Receptor	Androgen_Receptor	--	--	0	253	1	284.398	0	2012	sm/tb
1XQ3	Androgen_Receptor	Androgen_Receptor	--	--	0.207	243	1	284.398	0	2012	sm/tb
2AO6	Androgen_Receptor	Androgen_Receptor	--	--	0.259	242	1	284.398	0	2012	sm/tb
1Z95	Androgen_Receptor	Androgen_Receptor	--	--	0.358	238	8	430.38	0	2012	sm/tb
2AM9	Androgen_Receptor	Androgen_Receptor	--	--	--	--	--	--	--	2021	CC
1O86	Angiotensin_Converting_Enzyme	Angiotensin_Converting_Enzyme	--	--	--	--	13	404.486	-1	2012	sm/tb
3BKL	Angiotensin_Converting_Enzyme	Angiotensin_Converting_Enzyme	--	--	--	--	--	--	--	2021	CC
1ACM	Aspartate_Transcarbamoylase	Aspartate_Transcarbamoylase	--	--	0	310	7	251.089	-4	2010	sm/tb
1D09	Aspartate_Transcarbamoylase	Aspartate_Transcarbamoylase	--	--	0.263	309	7	251.089	-4	2010	sm/tb
8ATC	Aspartate_Transcarbamoylase	Aspartate_Transcarbamoylase	--	--	0.289	308	7	251.089	-4	2010	sm/tb
1Q95	Aspartate_Transcarbamoylase	Aspartate_Transcarbamoylase	--	--	0.38	310	7	251.089	-4	2010	sm/tb
1UZ1	Beta_Glucosidase	Beta_Glucosidase	--	--	438	0.207	4	161.158	0	2010	sm/tb
1OIM	Beta_Glucosidase	Beta_Glucosidase	--	--	443	0.156	5	164.181	1	2010	sm/tb
1W3J	Beta_Glucosidase	Beta_Glucosidase	--	--	443	0.154	4	149.147	0	2010	sm/tb
1OIF	Beta_Glucosidase	Beta_Glucosidase	--	--	444	0	4	148.182	1	2010	sm/tb
1BJU	Beta_Trypsin	Beta_Trypsin	--	Beta_Trypsin	0	223	7	289.744	1	2010	sm/tb
1BJV	Beta_Trypsin	Beta_Trypsin	--	Beta_Trypsin	0.158	223	9	347.397	1	2010	sm/tb
1GHZ	Beta_Trypsin	Beta_Trypsin	--	Beta_Trypsin	0.232	223	4	254.271	1	2010	sm/tb
1O3E	Beta_Trypsin	Beta_Trypsin	--	Beta_Trypsin	0.261	223	5	328.393	1	2010	sm/tb
1GI6	Beta_Trypsin	Beta_Trypsin	--	Beta_Trypsin	0.263	223	5	252.296	1	2010	sm/tb
1O2I	Beta_Trypsin	Beta_Trypsin	--	Beta_Trypsin	0.263	223	7	337.401	1	2010	sm/tb
1O3F	Beta_Trypsin	Beta_Trypsin	--	Beta_Trypsin	0.263	223	5	328.393	1	2010	sm/tb
1O3G	Beta_Trypsin	Beta_Trypsin	--	Beta_Trypsin	0.263	223	5	328.393	1	2010	sm/tb
1O3B	Beta_Trypsin	Beta_Trypsin	--	Beta_Trypsin	0.264	223	5	329.381	1	2010	sm/tb
1O2S	Beta_Trypsin	Beta_Trypsin	--	Beta_Trypsin	0.269	223	5	253.284	1	2010	sm/tb
1O3D	Beta_Trypsin	Beta_Trypsin	--	Beta_Trypsin	0.271	223	5	329.381	1	2010	sm/tb
1O2J	Beta_Trypsin	Beta_Trypsin	--	Beta_Trypsin	0.272	223	8	325.39	1	2010	sm/tb
1O31	Beta_Trypsin	Beta_Trypsin	--	Beta_Trypsin	0.274	223	5	254.271	1	2010	sm/tb
1O2N	Beta_Trypsin	Beta_Trypsin	--	Beta_Trypsin	0.277	223	5	363.826	1	2010	sm/tb
1O2K	Beta_Trypsin	Beta_Trypsin	--	Beta_Trypsin	0.281	223	8	325.39	1	2010	sm/tb
1O2V	Beta_Trypsin	Beta_Trypsin	--	Beta_Trypsin	0.281	223	9	446.237	-1	2010	sm/tb
1O30	Beta_Trypsin	Beta_Trypsin	--	Beta_Trypsin	0.281	223	9	461.429	-1	2010	sm/tb
1O2U	Beta_Trypsin	Beta_Trypsin	--	Beta_Trypsin	0.283	223	9	446.237	-1	2010	sm/tb
1GJ6	Beta_Trypsin	Beta_Trypsin	--	Beta_Trypsin	0.285	223	5	362.838	1	2010	sm/tb
1O2Q	Beta_Trypsin	Beta_Trypsin	--	Beta_Trypsin	0.286	223	7	370.858	1	2010	sm/tb
1O39	Beta_Trypsin	Beta_Trypsin	--	Beta_Trypsin	0.287	223	5	329.381	1	2010	sm/tb
1O37	Beta_Trypsin	Beta_Trypsin	--	Beta_Trypsin	0.29	223	7	373.458	2	2010	sm/tb
1O36	Beta_Trypsin	Beta_Trypsin	--	Beta_Trypsin	0.291	223	10	458.453	-1	2010	sm/tb
1O3H	Beta_Trypsin	Beta_Trypsin	--	Beta_Trypsin	0.293	223	5	345.219	1	2010	sm/tb
1O3I	Beta_Trypsin	Beta_Trypsin	--	Beta_Trypsin	0.298	223	5	345.219	1	2010	sm/tb
1O2H	Beta_Trypsin	Beta_Trypsin	--	Beta_Trypsin	0.299	223	7	336.414	1	2010	sm/tb
1O2O	Beta_Trypsin	Beta_Trypsin	--	Beta_Trypsin	0.305	223	8	343.381	1	2010	sm/tb
1O2Z	Beta_Trypsin	Beta_Trypsin	--	Beta_Trypsin	0.329	223	10	473.465	-1	2010	sm/tb
1GI4	Beta_Trypsin	Beta_Trypsin	--	Beta_Trypsin	0.344	223	5	253.284	1	2010	sm/tb
1FH7	Beta_Xylanase	Beta_Xylanase	--	--	0	312	7	266.271	1	2010	sm/tb
1FH9	Beta_Xylanase	Beta_Xylanase	--	--	0.086	312	9	295.27	1	2010	sm/tb
1J01	Beta_Xylanase	Beta_Xylanase	--	--	0.152	312	6	263.247	0	2010	sm/tb
1FH8	Beta_Xylanase	Beta_Xylanase	--	--	0.235	312	6	250.272	1	2010	sm/tb
1FHD	Beta_Xylanase	Beta_Xylanase	--	--	0.279	312	7	303.292	1	2010	sm/tb
1BN1	Carbonic_Anhydrase	Carbonic_Anhydrase	--	Carbonic_Anhydrase (Ref)	0	257	6	345.444	-1	2010	sm/tb
1BN4	Carbonic_Anhydrase	Carbonic_Anhydrase	--	Carbonic_Anhydrase	0.067	257	7	361.444	-1	2010	sm/tb
1BN3	Carbonic_Anhydrase	Carbonic_Anhydrase	--	Carbonic_Anhydrase	0.115	257	4	371.439	-1	2010	sm/tb
1BNN	Carbonic_Anhydrase	Carbonic_Anhydrase	--	Carbonic_Anhydrase	0.125	257	4	373.455	-1	2010	sm/tb
1BNV	Carbonic_Anhydrase	Carbonic_Anhydrase	--	Carbonic_Anhydrase	0.149	257	5	403.504	0	2010	sm/tb
1BNT	Carbonic_Anhydrase	Carbonic_Anhydrase	--	Carbonic_Anhydrase	0.171	256	5	389.454	-1	2010	sm/tb
1G53	Carbonic_Anhydrase	Carbonic_Anhydrase	--	Carbonic_Anhydrase	0.174	257	6	325.316	-1	2010	sm/tb
1G48	Carbonic_Anhydrase	Carbonic_Anhydrase	--	Carbonic_Anhydrase	0.183	257	6	325.316	-1	2010	sm/tb
1BNU	Carbonic_Anhydrase	Carbonic_Anhydrase	--	Carbonic_Anhydrase	0.189	255	5	379.483	-1	2010	sm/tb
1BNW	Carbonic_Anhydrase	Carbonic_Anhydrase	--	Carbonic_Anhydrase	0.2	256	6	337.446	-1	2010	sm/tb
1CNW	Carbonic_Anhydrase	Carbonic_Anhydrase	--	Carbonic_Anhydrase	0.2	256	15	388.445	0	2010	sm/tb
1IF7	Carbonic_Anhydrase	Carbonic_Anhydrase	--	Carbonic_Anhydrase	0.201	257	8	370.452	-1	2010	sm/tb
1G52	Carbonic_Anhydrase	Carbonic_Anhydrase	--	Carbonic_Anhydrase	0.202	257	6	325.316	-1	2010	sm/tb
1YDB	Carbonic_Anhydrase	Carbonic_Anhydrase	--	Carbonic_Anhydrase	0.208	255	4	221.241	-1	2010	sm/tb
1CIL	Carbonic_Anhydrase	Carbonic_Anhydrase	--	Carbonic_Anhydrase	0.21	256	4	324.446	0	2010	sm/tb
1OKL	Carbonic_Anhydrase	Carbonic_Anhydrase	--	Carbonic_Anhydrase	0.222	255	2	250.321	0	2010	sm/tb
1CNY	Carbonic_Anhydrase	Carbonic_Anhydrase	--	Carbonic_Anhydrase	0.226	256	17	478.569	0	2010	sm/tb
1CNX	Carbonic_Anhydrase	Carbonic_Anhydrase	--	Carbonic_Anhydrase	0.228	256	12	331.393	0	2010	sm/tb
1CIN	Carbonic_Anhydrase	Carbonic_Anhydrase	--	Carbonic_Anhydrase	0.232	256	3	310.419	0	2010	sm/tb
1CIM	Carbonic_Anhydrase	Carbonic_Anhydrase	--	Carbonic_Anhydrase	0.236	256	2	296.392	0	2010	sm/tb
1I90	Carbonic_Anhydrase	Carbonic_Anhydrase	--	Carbonic_Anhydrase	0.236	257	6	355.46	0	2010	sm/tb
2H4N	Carbonic_Anhydrase	Carbonic_Anhydrase	--	Carbonic_Anhydrase	0.241	257	4	221.241	-1	2010	sm/tb
1BCD	Carbonic_Anhydrase	Carbonic_Anhydrase	--	Carbonic_Anhydrase	0.242	257	2	148.086	-1	2010	sm/tb
1OKN	Carbonic_Anhydrase	Carbonic_Anhydrase	--	Carbonic_Anhydrase	0.248	256	11	317.433	0	2010	sm/tb
1I91	Carbonic_Anhydrase	Carbonic_Anhydrase	--	Carbonic_Anhydrase	0.25	257	6	457.552	0	2010	sm/tb
1IF8	Carbonic_Anhydrase	Carbonic_Anhydrase	--	Carbonic_Anhydrase	0.263	257	8	370.452	-1	2010	sm/tb
1OQ5	Carbonic_Anhydrase	Carbonic_Anhydrase	--	Carbonic_Anhydrase	0.285	256	5	380.37	-1	2010	sm/tb
1I8Z	Carbonic_Anhydrase	Carbonic_Anhydrase	--	Carbonic_Anhydrase	0.292	257	6	471.579	0	2010	sm/tb
1JD0	Carbonic_Anhydrase	Carbonic_Anhydrase	--	Carbonic_Anhydrase	0.847	207	4	221.241	-1	2012	sm/tb
1AZM	Carbonic_Anhydrase	Carbonic_Anhydrase	--	Carbonic_Anhydrase	0.864	243	4	221.241	-1	2010	sm/tb
1JCZ	Carbonic_Anhydrase	Carbonic_Anhydrase	--	Carbonic_Anhydrase	0.879	210	0	59.0446	-1	2012	sm/tb
1CBX	Carboxypeptidase_A	Carboxypeptidase_A	--	Carboxypeptidase_A 	0	307	5	206.198	-2	2010	sm/tb
3CPA	Carboxypeptidase_A	Carboxypeptidase_A	--	Carboxypeptidase_A	0.17	307	8	323.132	0	2010	sm/tb
1CPS	Carboxypeptidase_A	Carboxypeptidase_A	--	Carboxypeptidase_A	0.203	307	7	239.318	-1	2010	sm/tb
1HDQ	Carboxypeptidase_A	Carboxypeptidase_A	--	Carboxypeptidase_A	0.272	306	7	223.208	-1	2010	sm/tb
1F57	Carboxypeptidase_A	Carboxypeptidase_A	--	Carboxypeptidase_A	0.292	305	2	120.152	-1	2010	sm/tb
6CPA	Carboxypeptidase_A	Carboxypeptidase_A	--	Carboxypeptidase_A	0.297	307	14	476.423	-2	2010	sm/tb
7CPA	Carboxypeptidase_A	Carboxypeptidase_A	--	Carboxypeptidase_A	0.321	305	17	580.574	-2	2010	sm/tb
8CPA	Carboxypeptidase_A	Carboxypeptidase_A	--	Carboxypeptidase_A	0.322	303	14	460.38	-2	2010	sm/tb
1QCA	CAT_Type_III	CAT_Type_III	--	--	0	211	8	516.322	-1	2010	sm/tb
3CLA	CAT_Type_III	CAT_Type_III	--	--	0.109	210	7	284.356	0	2010	sm/tb
1CKP	CDK	CDK	2	--	0	279	9	431.902	-1	2012	sm/tb
1KE7	CDK	CDK	2	--	0.521	276	4	393.423	0	2012	sm/tb
1KE6	CDK	CDK	2	--	0.549	276	6	400.462	-1	2012	sm/tb
1KE8	CDK	CDK	2	--	0.55	276	6	398.466	0	2012	sm/tb
1KE5	CDK	CDK	2	--	0.587	277	5	329.379	0	2012	sm/tb
1KE9	CDK	CDK	2	--	0.6	276	6	358.401	1	2012	sm/tb
1V0P	CDK	CDK	2	--	0.715	255	9	431.902	-1	2012	sm/tb
1UNG	CDK	CDK	5	--	0.844	169	5	267.331	0	2012	sm/tb
1UNL	CDK	CDK	5	--	0.874	175	9	354.455	0	2012	sm/tb
1UNH	CDK	CDK	5	--	0.963	195	3	277.282	0	2012	sm/tb
1DY4	CEL7	CEL7	--	--	0	434	7	260.356	1	2010	sm/tb
1Z3T	CEL7	CEL7	--	--	0.633	387	12	342.3	0	2010	sm/tb
1Z3V	CEL7	CEL7	--	--	0.644	388	12	342.3	0	2010	sm/tb
1H46	CEL7	CEL7	--	--	0.659	389	7	260.356	1	2010	sm/tb
4V2Z	Cereblon	Cereblon	--	--	--	--	--	--	--	2021	CC
5AMH	Cereblon	Cereblon	4	--	--	--	--	--	--	2021	CC
1W1P	Chitinase	Chitinase	--	--	--	--	0	154.169	0	2012	sm/tb
1W9U	Chitinase	Chitinase	--	--	--	--	14	674.714	0	2010	sm/tb
1W9V	Chitinase	Chitinase	--	--	--	--	12	674.691	-1	2010	sm/tb
1WB0	Chitinase	Chitinase	--	--	--	--	13	673.683	-2	2010	sm/tb
3G0E	C-KIT_Kinase	C-KIT_Kinase		--	--	--	--	--	--	2021	CC
1T46	C-KIT_Kinase	C-KIT_Kinase	--	--	--	--	7	493.611	0	2012	sm/tb
1Z6E	Coagulation_Factor_Xa	Coagulation_Factor_Xa	--	Coagulation_Factor_Xa	0	286	9	529.477	1	2010	sm/tb
2P3U	Coagulation_Factor_Xa	Coagulation_Factor_Xa	--	Coagulation_Factor_Xa	0.215	233	9	550.852	0	2010	sm/tb
1V3X	Coagulation_Factor_Xa	Coagulation_Factor_Xa	--	Coagulation_Factor_Xa	0.233	285	6	535.067	1	2010	sm/tb
1LPZ	Coagulation_Factor_Xa	Coagulation_Factor_Xa	--	Coagulation_Factor_Xa	0.235	232	9	466.389	1	2010	sm/tb
2UWL	Coagulation_Factor_Xa	Coagulation_Factor_Xa	--	Coagulation_Factor_Xa	0.252	283	10	414.509	0	2010	sm/tb
1LPG	Coagulation_Factor_Xa	Coagulation_Factor_Xa	--	Coagulation_Factor_Xa	0.262	232	12	547.7	2	2010	sm/tb
1F0R	Coagulation_Factor_Xa	Coagulation_Factor_Xa	--	Coagulation_Factor_Xa	0.264	232	6	453.546	0	2010	sm/tb
1MQ5	Coagulation_Factor_Xa	Coagulation_Factor_Xa	--	Coagulation_Factor_Xa	0.271	284	8	537.896	0	2010	sm/tb
1NFY	Coagulation_Factor_Xa	Coagulation_Factor_Xa	--	Coagulation_Factor_Xa	0.272	286	7	463.988	1	2010	sm/tb
2BQ7	Coagulation_Factor_Xa	Coagulation_Factor_Xa	--	Coagulation_Factor_Xa	0.272	232	7	405.54	0	2010	sm/tb
1LPK	Coagulation_Factor_Xa	Coagulation_Factor_Xa	--	Coagulation_Factor_Xa	0.276	232	12	427.506	2	2010	sm/tb
2J94	Coagulation_Factor_Xa	Coagulation_Factor_Xa	--	Coagulation_Factor_Xa	0.279	283	7	488.976	0	2010	sm/tb
1NFX	Coagulation_Factor_Xa	Coagulation_Factor_Xa	--	Coagulation_Factor_Xa	0.283	286	7	505.018	0	2010	sm/tb
1F0S	Coagulation_Factor_Xa	Coagulation_Factor_Xa	--	Coagulation_Factor_Xa	0.287	234	5	427.508	0	2010	sm/tb
1NFW	Coagulation_Factor_Xa	Coagulation_Factor_Xa	--	Coagulation_Factor_Xa	0.288	285	6	436.943	0	2010	sm/tb
2P3T	Coagulation_Factor_Xa	Coagulation_Factor_Xa	--	Coagulation_Factor_Xa	0.29	231	10	565.866	0	2010	sm/tb
2FZZ	Coagulation_Factor_Xa	Coagulation_Factor_Xa	--	Coagulation_Factor_Xa	0.301	285	7	589.597	1	2010	sm/tb
2CJI	Coagulation_Factor_Xa	Coagulation_Factor_Xa	--	Coagulation_Factor_Xa	0.305	285	6	465.957	0	2010	sm/tb
1MQ6	Coagulation_Factor_Xa	Coagulation_Factor_Xa	--	Coagulation_Factor_Xa	0.307	283	10	568.867	0	2010	sm/tb
1NFU	Coagulation_Factor_Xa	Coagulation_Factor_Xa	--	Coagulation_Factor_Xa	0.307	285	7	463.988	1	2010	sm/tb
1EZQ	Coagulation_Factor_Xa	Coagulation_Factor_Xa	--	Coagulation_Factor_Xa	0.313	284	12	460.576	2	2010	sm/tb
1KSN	Coagulation_Factor_Xa	Coagulation_Factor_Xa	--	Coagulation_Factor_Xa	0.324	286	12	447.514	1	2010	sm/tb
2P93	Coagulation_Factor_Xa	Coagulation_Factor_Xa	--	Coagulation_Factor_Xa	0.33	282	8	401.873	0	2010	sm/tb
2J95	Coagulation_Factor_Xa	Coagulation_Factor_Xa	--	Coagulation_Factor_Xa	0.337	285	7	504.051	0	2010	sm/tb
2J38	Coagulation_Factor_Xa	Coagulation_Factor_Xa	--	Coagulation_Factor_Xa	0.345	284	6	471.985	0	2010	sm/tb
2UWO	Coagulation_Factor_Xa	Coagulation_Factor_Xa	--	Coagulation_Factor_Xa	0.351	280	8	447.963	0	2010	sm/tb
2J2U	Coagulation_Factor_Xa	Coagulation_Factor_Xa	--	Coagulation_Factor_Xa	0.369	278	6	454.934	0	2010	sm/tb
2PR3	Coagulation_Factor_Xa	Coagulation_Factor_Xa	--	Coagulation_Factor_Xa	0.373	284	8	546.019	0	2010	sm/tb
2Q1J	Coagulation_Factor_Xa	Coagulation_Factor_Xa	--	Coagulation_Factor_Xa	0.375	284	11	558.073	0	2010	sm/tb
2G00	Coagulation_Factor_Xa	Coagulation_Factor_Xa	--	Coagulation_Factor_Xa	0.382	285	7	534.561	1	2010	sm/tb
2P16	Coagulation_Factor_Xa	Coagulation_Factor_Xa	--	Coagulation_Factor_Xa	0.382	284	6	459.505	0	2010	sm/tb
1FJS	Coagulation_Factor_Xa	Coagulation_Factor_Xa	--	Coagulation_Factor_Xa	0.393	285	12	527.507	1	2010	sm/tb
2J34	Coagulation_Factor_Xa	Coagulation_Factor_Xa	--	Coagulation_Factor_Xa	0.405	286	6	471.985	0	2010	sm/tb
2P95	Coagulation_Factor_Xa	Coagulation_Factor_Xa	--	Coagulation_Factor_Xa	0.425	284	7	441.938	0	2010	sm/tb
2P94	Coagulation_Factor_Xa	Coagulation_Factor_Xa	--	Coagulation_Factor_Xa	0.431	284	7	488.973	0	2010	sm/tb
1XKA	Coagulation_Factor_Xa	Coagulation_Factor_Xa	--	Coagulation_Factor_Xa	0.433	232	10	388.469	0	2010	sm/tb
1G2L	Coagulation_Factor_Xa	Coagulation_Factor_Xa	--	Coagulation_Factor_Xa	0.459	283	15	526.618	1	2010	sm/tb
2RA0	Coagulation_Factor_Xa	Coagulation_Factor_Xa	--	Coagulation_Factor_Xa	0.459	282	7	529.529	1	2010	sm/tb
1KYE	Coagulation_Factor_Xa	Coagulation_Factor_Xa	--	Coagulation_Factor_Xa	0.467	285	14	488.653	1	2010	sm/tb
1XKB	Coagulation_Factor_Xa	Coagulation_Factor_Xa	--	Coagulation_Factor_Xa	0.505	232	10	388.469	0	2010	sm/tb
2BOK	Coagulation_Factor_Xa	Coagulation_Factor_Xa	--	Coagulation_Factor_Xa	0.553	269	8	399.536	2	2010	sm/tb
3KL6	Coagulation_Factor_Xa	Coagulation_Factor_Xa	--	Coagulation_Factor_Xa	--	--	--	--	--	2021	CC
2W26	Coagulation_Factor_Xa	Coagulation_Factor_Xa		Coagulation_Factor_Xa	--	--	--	--	--	2021	CC
3BWM	COMT	COMT	--	--	--	--	--	--	--	2021	CC
1EQG	COX	COX	--	COX	0	551	4	205.277	-1	2010	sm/tb
1EQH	COX	COX	--	COX	0.132	551	2	243.257	-1	2010	sm/tb
1Q4G	COX	COX	--	COX	0.202	551	2	225.267	-1	2010	sm/tb
1HT8	COX	COX	--	COX	0.213	551	5	225.651	-1	2010	sm/tb
1HT5	COX	COX	--	COX	0.233	551	3	258.292	0	2010	sm/tb
4COX	COX	COX	--	COX	0.794	532	5	356.785	-1	2010	sm/tb
1CX2	COX	COX	--	COX	0.849	533	5	446.248	0	2012	sm/tb
2OYU	COX	COX	1	--	--	--	--	--	--	2021	CC
3LN1	COX	COX	2	--	--	--	--	--	--	2021	CC
2IXU	CPL1_Lysin	CPL1_Lysin	--	--	0	338	26	694.67	-1	2010	sm/tb
2IXV	CPL1_Lysin	CPL1_Lysin	--	--	0.214	338	26	694.67	-1	2010	sm/tb
1R9O	CYP450	CYP450	2C9	--	--	--	--	--	--	2021	CC
1P2Y	CYP450	CYP450	--	--	--	--	1	162.235	0	2012	sm/tb
4XIA	D_Xylose_Isomerase	D_Xylose_Isomerase	--	--	0	393	11	182.174	0	2010	sm/tb
5XIA	D_Xylose_Isomerase	D_Xylose_Isomerase	--	--	0.118	393	9	152.147	0	2010	sm/tb
1J3I	DHFR_TS	DHFR_TS	--	--	0	223	8	394.687	0	2012	sm/tb
1J3K	DHFR_TS	DHFR_TS	--	--	0.395	218	8	394.687	0	2012	sm/tb
1J3J	DHFR_TS	DHFR_TS	--	--	0.413	214	3	248.715	0	2012	sm/tb
1IA1	Dihydrofolate_Reductase	Dihydrofolate_Reductase	--	--	0	192	4	268.342	0	2012	sm/tb
1IA2	Dihydrofolate_Reductase	Dihydrofolate_Reductase	--	--	0.143	192	4	282.369	0	2012	sm/tb
1IA3	Dihydrofolate_Reductase	Dihydrofolate_Reductase	--	--	0.2	192	5	324.45	0	2012	sm/tb
1IA4	Dihydrofolate_Reductase	Dihydrofolate_Reductase	--	--	0.228	192	5	353.448	0	2012	sm/tb
3NXO	Dihydrofolate_Reductase	Dihydrofolate_Reductase	--	--	--	--	--	--	--	2021	CC
1S3V	Dihydrofolate_Reductase	Dihydrofolate_Reductase	--	--	--	--	8	373.455	0	2012	sm/tb
3DFR	Dihydrofolate_Reductase	Dihydrofolate_Reductase	--	--	--	--	4	489.623	0	2012	sm/tb
4DFR	Dihydrofolate_Reductase	Dihydrofolate_Reductase	--	--	--	--	12	452.43	-2	2010	sm/tb
1N1M	Dipeptidyl_peptidase_4	Dipeptidyl_peptidase_4	--	--	--	--	3	171.263	1	2012	sm/tb
1X70	Dipeptidyl_peptidase_4	Dipeptidyl_peptidase_4	--	--	--	--	--	--	--	2021	CC
2RGU	Dipeptidyl_peptidase_4	Dipeptidyl_peptidase_4	--	--	--	--	--	--	--	2021	CC
2I78	Dipeptidyl_peptidase_4	Dipeptidyl_peptidase_4	--	--	--	--	--	--	--	2021	CC
1M17	EGFR	EGFR	--	EGFR	0	293	10	393.442	0	2010	sm/tb
2ITO	EGFR	EGFR	mutant	EGFR	0.423	281	8	446.909	0	2012	sm/tb
2ITQ	EGFR	EGFR	mutant	EGFR	0.434	272	2	470.571	0	2012	sm/tb
2ITP	EGFR	EGFR	mutant	EGFR	0.441	278	7	440.591	0	2012	sm/tb
2ITY	EGFR	EGFR	--	EGFR	0.48	283	8	446.909	0	2012	sm/tb
2ITX	EGFR	EGFR	--	EGFR	0.49	271	11	502.168	-4	2012	sm/tb
2ITU	EGFR	EGFR	mutant	EGFR	0.508	271	2	470.571	0	2012	sm/tb
2ITW	EGFR	EGFR	--	EGFR	0.517	281	2	470.571	0	2012	sm/tb
2EB3	EGFR	EGFR	--	EGFR	0.527	270	11	502.168	-4	2012	sm/tb
3BEL	EGFR	EGFR	--	EGFR	0.541	269	11	308.265	-1	2012	sm/tb
2ITV	EGFR	EGFR	mutant	EGFR	0.558	284	11	502.168	-4	2012	sm/tb
2ITT	EGFR	EGFR	mutant	EGFR	0.59	271	7	440.591	0	2012	sm/tb
1VR2	EGFR	EGFR	--	--	--	--	5	294.31	-2	2012	sm/tb
1XKK	EGFR	EGFR	--	--	--	--	11	581.067	0	2012	sm/tb
2J6M	EGFR	EGFR	--	--	--	--	7	440.591	0	2012	sm/tb
2RGP	EGFR	EGFR	--	--	--	--	--	--	--	2012	sm/tb
1ELB	Elastase	Elastase	--	--	0	240	16	473.559	1	2010	sm/tb
1ELC	Elastase	Elastase	--	--	0.173	240	16	507.576	1	2010	sm/tb
7EST	Elastase	Elastase	--	--	0.314	240	12	441.373	0	2010	sm/tb
1P44	Enoyl_Reductase	Enoyl_Reductase	--	--	--	--	3	393.488	0	2012	sm/tb
3LSY	Enoyl_Reductase	Enoyl_Reductase	--	--	--	--	4	214.221	0	2012	sm/tb
1FO2	ER_Alpha_Mannosidase	ER_Alpha_Mannosidase	--	--	0	456	5	164.181	1	2010	sm/tb
1FO3	ER_Alpha_Mannosidase	ER_Alpha_Mannosidase	--	--	0.192	455	5	232.193	0	2010	sm/tb
1A52	Estrogen_Receptor	Estrogen_Receptor	a	Estrogen_Receptor 	0	240	2	272.387	0	2010	sm/tb
2I0J	Estrogen_Receptor	Estrogen_Receptor	a	Estrogen_Receptor	0.384	201	3	282.339	0	2010	sm/tb
1UOM	Estrogen_Receptor	Estrogen_Receptor	a	Estrogen_Receptor	0.398	203	7	429.582	1	2010	sm/tb
3ERD	Estrogen_Receptor	Estrogen_Receptor	a	Estrogen_Receptor	0.41	217	5	258.275	-1	2010	sm/tb
1X7E	Estrogen_Receptor	Estrogen_Receptor	b	Estrogen_Receptor	0.42	212	5	265.268	0	2010	sm/tb
2QE4	Estrogen_Receptor	Estrogen_Receptor	b	Estrogen_Receptor	0.424	206	5	326.392	0	2010	sm/tb
1SJ0	Estrogen_Receptor	Estrogen_Receptor	a	Estrogen_Receptor	0.425	208	8	463.597	0	2012	sm/tb
2R6W	Estrogen_Receptor	Estrogen_Receptor	a	Estrogen_Receptor	0.427	201	9	488.627	1	2010	sm/tb
1ERE	Estrogen_Receptor	Estrogen_Receptor	a	Estrogen_Receptor	0.429	215	2	272.387	0	2010	sm/tb
1GWQ	Estrogen_Receptor	Estrogen_Receptor	a	Estrogen_Receptor	0.442	220	3	242.298	0	2010	sm/tb
1X7R	Estrogen_Receptor	Estrogen_Receptor	b	Estrogen_Receptor	0.443	217	4	270.241	0	2010	sm/tb
3DT3	Estrogen_Receptor	Estrogen_Receptor	a	Estrogen_Receptor	0.443	208	13	482.506	0	2010	sm/tb
2QGW	Estrogen_Receptor	Estrogen_Receptor	a	Estrogen_Receptor	0.452	220	3	260.679	0	2010	sm/tb
2R6Y	Estrogen_Receptor	Estrogen_Receptor	a	Estrogen_Receptor	0.453	202	9	460.574	1	2010	sm/tb
2QA6	Estrogen_Receptor	Estrogen_Receptor	a	Estrogen_Receptor	0.456	220	4	242.234	0	2010	sm/tb
1YIN	Estrogen_Receptor	Estrogen_Receptor	a	Estrogen_Receptor	0.459	206	8	478.583	1	2010	sm/tb
2QXM	Estrogen_Receptor	Estrogen_Receptor	a	Estrogen_Receptor	0.47	219	1	224.265	0	2010	sm/tb
1QKT	Estrogen_Receptor	Estrogen_Receptor	a	Estrogen_Receptor	0.472	213	2	272.387	0	2010	sm/tb
1R5K	Estrogen_Receptor	Estrogen_Receptor	a	Estrogen_Receptor	0.474	209	8	353.44	-1	2010	sm/tb
2QGT	Estrogen_Receptor	Estrogen_Receptor	a	Estrogen_Receptor	0.476	219	4	316.44	0	2010	sm/tb
1GWR	Estrogen_Receptor	Estrogen_Receptor	a	Estrogen_Receptor	0.477	218	2	272.387	0	2010	sm/tb
3ERT	Estrogen_Receptor	Estrogen_Receptor	a	Estrogen_Receptor	0.518	205	4	339.396	1	2012	sm/tb
1QKU	Estrogen_Receptor	Estrogen_Receptor	a	Estrogen_Receptor	0.545	222	2	272.387	0	2010	sm/tb
2QH6	Estrogen_Receptor	Estrogen_Receptor	a	Estrogen_Receptor	0.552	211	10	424.45	0	2010	sm/tb
1XQC	Estrogen_Receptor	Estrogen_Receptor	a	Estrogen_Receptor	0.561	191	4	440.608	1	2010	sm/tb
1U3Q	Estrogen_Receptor	Estrogen_Receptor	b	Estrogen_Receptor	0.698	198	4	243.219	0	2010	sm/tb
2I0G	Estrogen_Receptor	Estrogen_Receptor	b	Estrogen_Receptor	0.82	191	3	282.339	0	2010	sm/tb
1U3S	Estrogen_Receptor	Estrogen_Receptor	b	Estrogen_Receptor	0.822	185	3	277.279	0	2010	sm/tb
2Z4B	Estrogen_Receptor	Estrogen_Receptor	b	Estrogen_Receptor	0.828	191	8	239.315	0	2010	sm/tb
2JJ3	Estrogen_Receptor	Estrogen_Receptor	b	Estrogen_Receptor	0.831	191	5	326.392	0	2010	sm/tb
2GIU	Estrogen_Receptor	Estrogen_Receptor	b	Estrogen_Receptor	0.852	183	4	335.241	0	2010	sm/tb
1U9E	Estrogen_Receptor	Estrogen_Receptor	b	Estrogen_Receptor	0.861	191	3	226.232	0	2010	sm/tb
1X7J	Estrogen_Receptor	Estrogen_Receptor	b	Estrogen_Receptor	0.866	187	4	270.241	0	2010	sm/tb
1ZAF	Estrogen_Receptor	Estrogen_Receptor	b	Estrogen_Receptor	0.881	192	3	317.139	0	2010	sm/tb
1YY4	Estrogen_Receptor	Estrogen_Receptor	b	Estrogen_Receptor	0.882	194	2	270.715	0	2010	sm/tb
1X78	Estrogen_Receptor	Estrogen_Receptor	b	Estrogen_Receptor	0.888	192	5	265.268	0	2010	sm/tb
1X76	Estrogen_Receptor	Estrogen_Receptor	b	Estrogen_Receptor	0.889	195	3	251.241	0	2010	sm/tb
2NV7	Estrogen_Receptor	Estrogen_Receptor	b	Estrogen_Receptor	0.897	188	4	263.296	0	2010	sm/tb
1YYE	Estrogen_Receptor	Estrogen_Receptor	b	Estrogen_Receptor	0.913	189	2	279.27	0	2010	sm/tb
1X7B	Estrogen_Receptor	Estrogen_Receptor	b	Estrogen_Receptor	0.919	195	4	271.248	0	2010	sm/tb
1L2J	Estrogen_Receptor	Estrogen_Receptor	b	Estrogen_Receptor	0.985	184	4	320.431	0	2010	sm/tb
2PJL	Estrogen_Receptor	Estrogen_Receptor	a	Estrogen_Receptor	1.09	138	5	333.497	1	2010	sm/tb
2FSZ	Estrogen_Receptor	Estrogen_Receptor	b	--	--	--	--	--	--	2021	CC
2EWP	Estrogen_Related_Receptor	Estrogen_Receptor	gamma	--	0	224	13	418.556	1	2010	sm/tb
2P7Z	Estrogen_Related_Receptor	Estrogen_Receptor	gamma	--	0.484	207	10	390.545	1	2010	sm/tb
2P7G	Estrogen_Related_Receptor	Estrogen_Receptor	gamma	--	0.534	205	4	228.291	0	2010	sm/tb
2ZAS	Estrogen_Related_Receptor	Estrogen_Receptor	gamma	--	0.573	206	4	372.426	0	2010	sm/tb
2P7A	Estrogen_Related_Receptor	Estrogen_Receptor	gamma	--	0.604	206	1	142.585	0	2010	sm/tb
1AGW	FGFR	FGFR	--	--	0	278	4	333.39	0	2012	sm/tb
1FGI	FGFR	FGFR	--	--	0.24	277	5	295.318	-1	2010	sm/tb
1C2T	GAR_Transformylase	GAR_Transformylase	--	--	0	209	12	479.426	-3	2012	sm/tb
1JKX	GAR_Transformylase	GAR_Transformylase	--	--	0.422	204	23	749.605	-3	2010	sm/tb
1RBM	GAR_Transformylase	GAR_Transformylase	--	--	0.815	181	19	543.48	-1	2010	sm/tb
1NJS	GAR_Transformylase	GAR_Transformylase	--	--	0.816	181	18	543.456	-2	2010	sm/tb
1EC9	GlucD	GlucD	--	--	0	443	8	193.113	-2	2010	sm/tb
1ECQ	GlucD	GlucD	--	--	0.177	443	8	192.125	-2	2010	sm/tb
1AGM	Glucoamylase	Glucoamylase	--	--	0	470	22	646.62	1	2010	sm/tb
1GAH	Glucoamylase	Glucoamylase	--	--	0.123	470	22	646.62	1	2010	sm/tb
1GAI	Glucoamylase	Glucoamylase	--	--	0.135	470	22	648.636	1	2010	sm/tb
3BQD	Glucocorticoid_Receptor	Glucocorticoid_Receptor	--	--	--	--	--	--	--	2021	CC
4P6W	Glucocorticoid_Receptor	Glucocorticoid_Receptor		--	--	--	--	--	--	2021	CC
1M2Z	Glucocorticoid_Receptor	Glucocorticoid_Receptor	--	--	--	--	5	392.467	0	2010	sm/tb
1TT1	Glutamate_Receptor	Glutamate_Receptor	--	--	--	--	4	212.226	-1	2012	sm/tb
3KGC	Glutamate_Receptor	Glutamate_Receptor		--	--	--	--	--	--	2021	CC
1VSO	Glutamate_Receptor	Glutamate_Receptor	--	--	--	--	--	--	--	2021	CC
1A8I	Glycogen_Phosphorylase	Glycogen_Phosphorylase	--	--	0	813	5	248.193	0	2012	sm/tb
1C8K	Glycogen_Phosphorylase	Glycogen_Phosphorylase	--	--	0.314	799	5	402.854	1	2010	sm/tb
1Q3D	GSK	GSK	--	--	0	339	2	466.539	0	2012	sm/tb
1Q4L	GSK	GSK	--	--	0.452	333	4	376.175	-1	2012	sm/tb
1Q3W	GSK	GSK	--	--	0.516	336	0	293.282	0	2012	sm/tb
1Q41	GSK	GSK	--	--	0.674	328	3	277.282	0	2012	sm/tb
121P	H_Ras_p21	H_Ras_p21	--	--	0	166	11	517.179	-4	2010	sm/tb
5P21	H_Ras_p21	H_Ras_p21	--	--	0.168	165	11	518.167	-4	2010	sm/tb
1EEF	Heat_Labile_Enterotoxin	Heat_Labile_Enterotoxin	--	--	0	103	6	180.158	0	2010	sm/tb
1EFI	Heat_Labile_Enterotoxin	Heat_Labile_Enterotoxin	--	--	0.175	102	8	271.27	0	2010	sm/tb
1FD7	Heat_Labile_Enterotoxin	Heat_Labile_Enterotoxin	--	--	0.214	102	11	389.405	0	2010	sm/tb
1HVQ	Hevamine	Hevamine	--	--	0	273	21	627.6	0	2010	sm/tb
1KR0	Hevamine	Hevamine	--	--	0.183	273	28	830.794	0	2010	sm/tb
1KQZ	Hevamine	Hevamine	--	--	0.188	273	28	830.794	0	2010	sm/tb
1LLO	Hevamine	Hevamine	--	--	0.199	273	19	623.635	1	2010	sm/tb
1KR1	Hevamine	Hevamine	--	--	0.302	273	28	830.794	0	2010	sm/tb
1KQY	Hevamine	Hevamine	--	--	0.305	273	35	1033.99	0	2010	sm/tb
1A8K	HIV_Protease	HIV_Protease	--	HIV_Protease	0	198	36	847.048	1	2010	sm/tb
1MTR	HIV_Protease	HIV_Protease	--	HIV_Protease	0.37	198	13	596.767	0	2010	sm/tb
1CPI	HIV_Protease	HIV_Protease	--	HIV_Protease	0.417	198	18	687.837	0	2010	sm/tb
1ODW	HIV_Protease	HIV_Protease	--	HIV_Protease	0.436	196	20	544.711	1	2010	sm/tb
1OHR	HIV_Protease	HIV_Protease	--	HIV_Protease	0.447	197	14	567.793	0	2012	sm/tb
1HIV	HIV_Protease	HIV_Protease	--	HIV_Protease	0.455	196	27	812.022	0	2010	sm/tb
1T3R	HIV_Protease	HIV_Protease	--	HIV_Protease	0.496	198	15	547.672	0	2010	sm/tb
1A8G	HIV_Protease	HIV_Protease	--	HIV_Protease	0.502	197	28	827.01	1	2010	sm/tb
1FQX	HIV_Protease	HIV_Protease	--	HIV_Protease	0.509	198	26	702.827	-1	2010	sm/tb
1HXB	HIV_Protease	HIV_Protease	--	HIV_Protease	0.517	197	18	671.86	1	2010	sm/tb
1KZK	HIV_Protease	HIV_Protease	--	HIV_Protease	0.522	198	14	575.729	0	2012	sm/tb
8HVP	HIV_Protease	HIV_Protease	--	HIV_Protease	0.523	197	39	872.072	0	2010	sm/tb
2HS2	HIV_Protease	HIV_Protease	--	HIV_Protease	0.526	189	15	547.672	0	2010	sm/tb
1PRO	HIV_Protease	HIV_Protease	--	HIV_Protease	0.53	197	13	583.684	0	2010	sm/tb
1HVR	HIV_Protease	HIV_Protease	--	HIV_Protease	0.533	198	10	606.764	0	2010	sm/tb
2FDE	HIV_Protease	HIV_Protease	--	HIV_Protease	0.543	197	17	703.834	0	2010	sm/tb
1HPV	HIV_Protease	HIV_Protease	--	HIV_Protease	0.555	197	15	505.635	0	2010	sm/tb
9HVP	HIV_Protease	HIV_Protease	--	HIV_Protease	0.57	197	25	736.908	0	2010	sm/tb
1FG8	HIV_Protease	HIV_Protease	--	HIV_Protease	0.571	197	36	833.064	1	2010	sm/tb
1HXW	HIV_Protease	HIV_Protease	--	HIV_Protease	0.571	197	23	720.957	0	2012	sm/tb
1A9M	HIV_Protease	HIV_Protease	--	HIV_Protease	0.578	198	26	597.779	1	2010	sm/tb
1MET	HIV_Protease	HIV_Protease	--	HIV_Protease	0.578	198	14	566.697	0	2010	sm/tb
1HPS	HIV_Protease	HIV_Protease	--	HIV_Protease	0.579	197	20	638.807	0	2010	sm/tb
1DMP	HIV_Protease	HIV_Protease	--	HIV_Protease	0.584	195	12	536.674	0	2010	sm/tb
1BDR	HIV_Protease	HIV_Protease	--	HIV_Protease	0.587	194	17	534.699	0	2010	sm/tb
1QBS	HIV_Protease	HIV_Protease	--	HIV_Protease	0.593	198	14	566.697	0	2010	sm/tb
1HWR	HIV_Protease	HIV_Protease	--	HIV_Protease	0.598	197	10	406.525	0	2010	sm/tb
1MER	HIV_Protease	HIV_Protease	--	HIV_Protease	0.609	198	12	536.674	0	2010	sm/tb
1EBK	HIV_Protease	HIV_Protease	--	HIV_Protease	0.61	190	36	833.064	1	2010	sm/tb
1HSG	HIV_Protease	HIV_Protease	--	HIV_Protease	0.614	198	16	613.8	0	2012	sm/tb
1FEJ	HIV_Protease	HIV_Protease	--	HIV_Protease	0.616	196	37	770.97	0	2010	sm/tb
1FFF	HIV_Protease	HIV_Protease	--	HIV_Protease	0.616	197	36	833.064	1	2010	sm/tb
4PHV	HIV_Protease	HIV_Protease	--	HIV_Protease	0.622	198	17	618.772	0	2010	sm/tb
1MES	HIV_Protease	HIV_Protease	--	HIV_Protease	0.623	198	14	566.697	0	2010	sm/tb
1D4Y	HIV_Protease	HIV_Protease	--	HIV_Protease	0.63	198	13	602.674	0	2010	sm/tb
1HPX	HIV_Protease	HIV_Protease	--	HIV_Protease	0.635	198	19	667.85	0	2012	sm/tb
1AAQ	HIV_Protease	HIV_Protease	--	HIV_Protease	0.646	197	22	578.729	1	2010	sm/tb
1FGC	HIV_Protease	HIV_Protease	--	HIV_Protease	0.648	198	37	784.954	0	2010	sm/tb
1BDQ	HIV_Protease	HIV_Protease	--	HIV_Protease	0.659	195	17	534.699	0	2010	sm/tb
1SDT	HIV_Protease	HIV_Protease	--	HIV_Protease	0.66	197	16	613.8	0	2010	sm/tb
2F81	HIV_Protease	HIV_Protease	--	HIV_Protease	0.669	198	15	547.672	0	2010	sm/tb
1HVH	HIV_Protease	HIV_Protease	--	HIV_Protease	0.68	196	15	590.722	0	2010	sm/tb
1A30	HIV_Protease	HIV_Protease	--	HIV_Protease	0.685	198	14	373.363	-2	2010	sm/tb
2F80	HIV_Protease	HIV_Protease	--	HIV_Protease	0.696	198	15	547.672	0	2010	sm/tb
1AJV	HIV_Protease	HIV_Protease	--	HIV_Protease	0.698	198	12	574.697	0	2010	sm/tb
2IDW	HIV_Protease	HIV_Protease	--	HIV_Protease	0.698	197	15	547.672	0	2010	sm/tb
2IEN	HIV_Protease	HIV_Protease	--	HIV_Protease	0.7	198	15	547.672	0	2010	sm/tb
1IDA	HIV_Protease	HIV_Protease	--	HIV_Protease	0.703	188	19	724.967	0	2010	sm/tb
1G35	HIV_Protease	HIV_Protease	--	HIV_Protease	0.716	198	16	662.76	0	2010	sm/tb
5HVP	HIV_Protease	HIV_Protease	--	HIV_Protease	0.721	198	27	642.813	-1	2010	sm/tb
2IEO	HIV_Protease	HIV_Protease	--	HIV_Protease	0.722	198	15	547.672	0	2010	sm/tb
1IDB	HIV_Protease	HIV_Protease	--	HIV_Protease	0.726	190	16	650.839	0	2010	sm/tb
1FFI	HIV_Protease	HIV_Protease	--	HIV_Protease	0.73	196	37	784.954	0	2010	sm/tb
1JLD	HIV_Protease	HIV_Protease	--	HIV_Protease	0.73	191	23	661.841	0	2010	sm/tb
2FDD	HIV_Protease	HIV_Protease	--	HIV_Protease	0.742	192	17	703.834	0	2010	sm/tb
1IVP	HIV_Protease	HIV_Protease	--	HIV_Protease	0.757	190	26	810.006	0	2010	sm/tb
7UPJ	HIV_Protease	HIV_Protease	--	HIV_Protease	0.773	197	7	479.597	0	2010	sm/tb
1HSH	HIV_Protease	HIV_Protease	--	HIV_Protease	0.787	189	16	613.8	0	2010	sm/tb
1FG6	HIV_Protease	HIV_Protease	--	HIV_Protease	0.791	198	37	784.954	0	2010	sm/tb
1AID	HIV_Protease	HIV_Protease	--	HIV_Protease	0.795	180	7	453.064	1	2010	sm/tb
2HPE	HIV_Protease	HIV_Protease	--	HIV_Protease	0.81	191	25	643.698	0	2010	sm/tb
4UPJ	HIV_Protease	HIV_Protease	--	HIV_Protease	0.816	192	11	452.507	0	2010	sm/tb
1IVQ	HIV_Protease	HIV_Protease	--	HIV_Protease	0.819	190	20	610.817	-1	2010	sm/tb
2HPF	HIV_Protease	HIV_Protease	--	HIV_Protease	0.901	192	22	544.565	0	2010	sm/tb
3UPJ	HIV_Protease	HIV_Protease	--	HIV_Protease	0.917	188	5	310.349	0	2010	sm/tb
1XL2	HIV_Protease	HIV_Protease	--	--	--	--	--	--	--	2021	CC
1C1B	HIV_Reverse_Transcriptase	HIV_Reverse_Transcriptase	--	Reverse_Transcriptase 	0	952	6	330.427	0	2010	sm/tb
1JLA	HIV_Reverse_Transcriptase	HIV_Reverse_Transcriptase	--	Reverse_Transcriptase	0.425	935	7	364.444	0	2012	sm/tb
1RTH	HIV_Reverse_Transcriptase	HIV_Reverse_Transcriptase	--	Reverse_Transcriptase	0.497	945	1	298.301	0	2010	sm/tb
1JLB	HIV_Reverse_Transcriptase	HIV_Reverse_Transcriptase	--	Reverse_Transcriptase	0.533	928	1	266.303	0	2012	sm/tb
3DLE	HIV_Reverse_Transcriptase	HIV_Reverse_Transcriptase	--	Reverse_Transcriptase	0.56	927	12	452.43	-2	2010	sm/tb
2OPS	HIV_Reverse_Transcriptase	HIV_Reverse_Transcriptase	--	Reverse_Transcriptase	0.614	922	4	280.299	0	2010	sm/tb
3DLG	HIV_Reverse_Transcriptase	HIV_Reverse_Transcriptase	--	Reverse_Transcriptase	0.642	912	7	365.815	0	2010	sm/tb
1RT1	HIV_Reverse_Transcriptase	HIV_Reverse_Transcriptase	--	Reverse_Transcriptase	0.656	922	6	302.373	0	2012	sm/tb
1S1T	HIV_Reverse_Transcriptase	HIV_Reverse_Transcriptase	--	Reverse_Transcriptase	0.684	932	7	335.854	0	2010	sm/tb
1C1C	HIV_Reverse_Transcriptase	HIV_Reverse_Transcriptase	--	Reverse_Transcriptase	0.691	932	6	326.46	0	2010	sm/tb
1JLG	HIV_Reverse_Transcriptase	HIV_Reverse_Transcriptase	--	Reverse_Transcriptase	0.698	917	7	335.854	0	2012	sm/tb
3DOL	HIV_Reverse_Transcriptase	HIV_Reverse_Transcriptase	--	Reverse_Transcriptase	0.719	910	10	544.911	0	2010	sm/tb
1RT2	HIV_Reverse_Transcriptase	HIV_Reverse_Transcriptase	--	Reverse_Transcriptase	0.72	915	7	364.444	0	2010	sm/tb
1JLF	HIV_Reverse_Transcriptase	HIV_Reverse_Transcriptase	--	Reverse_Transcriptase	0.781	916	1	266.303	0	2012	sm/tb
1JLC	HIV_Reverse_Transcriptase	HIV_Reverse_Transcriptase	--	Reverse_Transcriptase	0.873	895	8	354.835	0	2012	sm/tb
1VRT	HIV_Reverse_Transcriptase	HIV_Reverse_Transcriptase	--	Reverse_Transcriptase	0.898	691	1	266.302	0	2010	sm/tb
2HND	HIV_Reverse_Transcriptase	HIV_Reverse_Transcriptase	--	Reverse_Transcriptase	0.922	673	1	266.303	0	2010	sm/tb
2HNY	HIV_Reverse_Transcriptase	HIV_Reverse_Transcriptase	--	Reverse_Transcriptase	0.922	666	1	266.303	0	2010	sm/tb
1VRU	HIV_Reverse_Transcriptase	HIV_Reverse_Transcriptase	--	Reverse_Transcriptase	0.924	692	6	351.232	0	2010	sm/tb
2RKI	HIV_Reverse_Transcriptase	HIV_Reverse_Transcriptase	--	Reverse_Transcriptase	0.954	612	8	444.515	0	2010	sm/tb
3DYA	HIV_Reverse_Transcriptase	HIV_Reverse_Transcriptase	--	Reverse_Transcriptase	0.957	607	5	358.393	0	2010	sm/tb
1IKW	HIV_Reverse_Transcriptase	HIV_Reverse_Transcriptase	--	Reverse_Transcriptase	0.982	703	3	315.679	0	2010	sm/tb
1JKH	HIV_Reverse_Transcriptase	HIV_Reverse_Transcriptase	--	Reverse_Transcriptase	1.002	826	3	315.679	0	2012	sm/tb
2RF2	HIV_Reverse_Transcriptase	HIV_Reverse_Transcriptase	--	Reverse_Transcriptase	1.068	697	4	372.242	0	2010	sm/tb
2ZD1	HIV_Reverse_Transcriptase	HIV_Reverse_Transcriptase	--	Reverse_Transcriptase	1.076	680	3	212.291	0	2010	sm/tb
2BE2	HIV_Reverse_Transcriptase	HIV_Reverse_Transcriptase	--	Reverse_Transcriptase	1.087	731	6	481.354	0	2010	sm/tb
1EP4	HIV_Reverse_Transcriptase	HIV_Reverse_Transcriptase	--	Reverse_Transcriptase	1.094	561	9	451.376	0	2010	sm/tb
3BGR	HIV_Reverse_Transcriptase	HIV_Reverse_Transcriptase	--	Reverse_Transcriptase	1.193	742	14	587.689	-1	2010	sm/tb
3LAN	HIV_Reverse_Transcriptase	HIV_Reverse_Transcriptase	--	--	--	--	--	--	--	2021	CC
1HW8	HMG_CoA_Reductase	HMG_CoA_Reductase	--	HMG_CoA_Reductase (Ref)	0	814	13	407.527	-1	2010	sm/tb
1HWI	HMG_CoA_Reductase	HMG_CoA_Reductase	--	HMG_CoA_Reductase	0.278	791	11	410.465	-1	2010	sm/tb
1HWL	HMG_CoA_Reductase	HMG_CoA_Reductase	--	HMG_CoA_Reductase	0.312	800	12	480.537	-1	2010	sm/tb
1HWJ	HMG_CoA_Reductase	HMG_CoA_Reductase	--	HMG_CoA_Reductase	0.32	799	13	458.55	-1	2010	sm/tb
1HWK	HMG_CoA_Reductase	HMG_CoA_Reductase	--	HMG_CoA_Reductase	0.326	795	15	557.641	-1	2010	sm/tb
1HW9	HMG_CoA_Reductase	HMG_CoA_Reductase	--	HMG_CoA_Reductase	0.337	800	13	435.581	-1	2010	sm/tb
2Q1L	HMG_CoA_Reductase	HMG_CoA_Reductase	--	HMG_CoA_Reductase	0.37	767	15	575.632	-1	2010	sm/tb
3CD7	HMG_CoA_Reductase	HMG_CoA_Reductase	--	HMG_CoA_Reductase	0.37	767	13	517.645	-1	2010	sm/tb
2Q6B	HMG_CoA_Reductase	HMG_CoA_Reductase	--	HMG_CoA_Reductase	0.401	791	12	521.609	-1	2010	sm/tb
3BGL	HMG_CoA_Reductase	HMG_CoA_Reductase	--	HMG_CoA_Reductase	0.431	800	11	435.461	0	2010	sm/tb
3CCT	HMG_CoA_Reductase	HMG_CoA_Reductase	--	HMG_CoA_Reductase	0.435	809	7	361.208	-2	2010	sm/tb
3CCZ	HMG_CoA_Reductase	HMG_CoA_Reductase	--	HMG_CoA_Reductase	0.437	792	15	496.559	-1	2010	sm/tb
2R4F	HMG_CoA_Reductase	HMG_CoA_Reductase	--	HMG_CoA_Reductase	0.445	793	15	524.612	-1	2010	sm/tb
3CCW	HMG_CoA_Reductase	HMG_CoA_Reductase	--	HMG_CoA_Reductase	0.448	810	16	573.641	-1	2010	sm/tb
2Q6C	HMG_CoA_Reductase	HMG_CoA_Reductase	--	HMG_CoA_Reductase	0.453	808	12	555.626	-1	2010	sm/tb
3CD0	HMG_CoA_Reductase	HMG_CoA_Reductase	--	HMG_CoA_Reductase	0.454	807	17	526.585	-1	2010	sm/tb
3CDA	HMG_CoA_Reductase	HMG_CoA_Reductase	--	HMG_CoA_Reductase	0.455	801	15	575.632	-1	2010	sm/tb
3CD5	HMG_CoA_Reductase	HMG_CoA_Reductase	--	HMG_CoA_Reductase	0.459	804	15	514.549	-1	2010	sm/tb
3CDB	HMG_CoA_Reductase	HMG_CoA_Reductase	--	HMG_CoA_Reductase	0.479	806	17	636.721	-1	2010	sm/tb
1T02	HMG_CoA_Reductase	HMG_CoA_Reductase	--	HMG_CoA_Reductase	1.122	279	13	421.554	-1	2010	sm/tb
1UY6	Hsp_90	Hsp_90	--	Hsp_90	0	208	9	371.439	0	2012	sm/tb
1UY9	Hsp_90	Hsp_90	--	Hsp_90	0.161	208	6	325.37	0	2012	sm/tb
1UYG	Hsp_90	Hsp_90	--	Hsp_90	0.194	208	5	303.296	0	2012	sm/tb
1UY8	Hsp_90	Hsp_90	--	Hsp_90	0.195	208	7	311.387	0	2012	sm/tb
1UY7	Hsp_90	Hsp_90	--	Hsp_90	0.201	208	7	311.387	0	2012	sm/tb
1UYC	Hsp_90	Hsp_90	--	Hsp_90	0.203	208	8	341.413	0	2012	sm/tb
1UYF	Hsp_90	Hsp_90	--	Hsp_90	0.204	208	10	433.87	0	2012	sm/tb
1UYD	Hsp_90	Hsp_90	--	Hsp_90	0.205	208	9	405.884	0	2012	sm/tb
1UYE	Hsp_90	Hsp_90	--	Hsp_90	0.214	208	10	415.879	0	2012	sm/tb
1UYH	Hsp_90	Hsp_90	--	Hsp_90	0.242	208	8	359.404	0	2012	sm/tb
1UYK	Hsp_90	Hsp_90	--	Hsp_90	0.244	208	6	343.361	0	2012	sm/tb
1UYI	Hsp_90	Hsp_90	--	Hsp_90	0.304	208	9	369.399	0	2012	sm/tb
2BSM	Hsp_90	Hsp_90	--	Hsp_90	0.374	203	8	387.822	0	2012	sm/tb
2ZM3	IGF1_R	IGF1_R	--	IGF1_R 	0	303	11	416.644	0	2012	sm/tb
3F5P	IGF1_R	IGF1_R	--	IGF1_R	0.568	297	6	230.244	0	2012	sm/tb
3NW6	IGF1_R	IGF1_R	--	IGF1_R	0.661	254	6	433.468	1	2012	sm/tb
3NW7	IGF1_R	IGF1_R	--	IGF1_R	0.676	248	7	392.396	0	2012	sm/tb
3NW5	IGF1_R	IGF1_R	--	IGF1_R	0.773	256	6	433.468	1	2012	sm/tb
3LVP	IGF1_R	IGF1_R	--	IGF1_R	0.779	260	3	342.784	0	2012	sm/tb
3LW0	IGF1_R	IGF1_R	--	IGF1_R	0.816	254	8	464.57	0	2012	sm/tb
3D94	IGF1_R	IGF1_R	--	IGF1_R	0.974	239	7	529.524	0	2012	sm/tb
3HL5	IGF1_R	IGF1_R	--	--	--	--	--	--	--	2021	CC
2OJ9	IGF1_R	IGF1_R	--	--	--	--	--	--	--	2021	CC
1DBB	ImmunoGlobulin	ImmunoGlobulin	--	--	--	--	1	314.468	0	2010	sm/tb
1DBJ	ImmunoGlobulin	ImmunoGlobulin	--	--	--	--	1	290.446	0	2010	sm/tb
1EHL	ImmunoGlobulin	ImmunoGlobulin	--	--	--	--	4	545.42	-1	2010	sm/tb
2CGR	ImmunoGlobulin	ImmunoGlobulin	--	--	--	--	9	384.437	0	2010	sm/tb
2PCP	ImmunoGlobulin	ImmunoGlobulin	--	--	--	--	2	244.4	1	2010	sm/tb
1ME7	Inosine_Monophosphate_Dehydrogenase	Inosine_Monophosphate_Dehydrogenase	--	--	0	365	8	319.334	-1	2012	sm/tb
1MEI	Inosine_Monophosphate_Dehydrogenase	Inosine_Monophosphate_Dehydrogenase	--	--	0.188	347	8	319.334	-1	2012	sm/tb
1MEH	Inosine_Monophosphate_Dehydrogenase	Inosine_Monophosphate_Dehydrogenase	--	--	0.275	341	8	319.334	-1	2012	sm/tb
5ICD	Isocitrate_Dehydrogenase	Isocitrate_Dehydrogenase	--	--	0	414	6	189.102	-3	2010	sm/tb
8ICD	Isocitrate_Dehydrogenase	Isocitrate_Dehydrogenase	--	--	0.173	414	6	189.102	-3	2010	sm/tb
9ICD	Isocitrate_Dehydrogenase	Isocitrate_Dehydrogenase	--	--	0.282	414	8	423.172	-4	2010	sm/tb
3EYG	JAK	JAK	1	--	--	--	--	--	--	2021	CC
3LPB	JAK	JAK	2	--	--	--	--	--	--	2021	CC
1ABE	L_Arabinose_Binding_Protein	L_Arabinose_Binding_Protein	--	--	0	305	4	150.131	0	2010	sm/tb
1ABF	L_Arabinose_Binding_Protein	L_Arabinose_Binding_Protein	--	--	0.15	305	4	164.158	0	2010	sm/tb
1BAP	L_Arabinose_Binding_Protein	L_Arabinose_Binding_Protein	--	--	0.17	305	4	150.131	0	2010	sm/tb
8ABP	L_Arabinose_Binding_Protein	L_Arabinose_Binding_Protein	--	--	0.213	303	6	180.158	0	2010	sm/tb
4WMZ	Lanosterol_14-alpha_demethylase	Lanosterol_14-alpha_demethylase		--	--	--	--	--	--	2021	CC
6E8Q	Lanosterol_14-alpha_demethylase	Lanosterol_14-alpha_demethylase		--	--	--	--	--	--	2021	CC
1LAH	LAO_Binding_Protein	LAO_Binding_Protein	--	--	0	238	4	133.171	1	2010	sm/tb
1LST	LAO_Binding_Protein	LAO_Binding_Protein	--	--	0.217	238	5	147.197	1	2010	sm/tb
2OF2	Lck_Kinase	Lck_Kinase	--	--	--	--	--	--	--	2021	CC
1QPE	Lck_Kinase	Lck_Kinase	--	--	--	--	3	301.778	0	2010	sm/tb
1YHC	LpxC	LpxC	Aquifex Aeolicus	LpxC	--	--	--	--	--	2021	CC
2VES	LpxC	LpxC	Pseudomonas aeruginosa	LpxC	--	--	--	--	--	2021	CC
3NZK	LpxC	LpxC	Â Yersinia enterocolitica	LpxC	--	--	--	--	--	2021	CC
3P3C	LpxC	LpxC	Aquifex Aeolicus	LpxC	--	--	--	--	--	2021	CC
3P3G	LpxC	LpxC	not given	LpxC	--	--	--	--	--	2021	CC
3PS1	LpxC	LpxC	not given	LpxC	--	--	--	--	--	2021	CC
3PS2	LpxC	LpxC	not given	LpxC	--	--	--	--	--	2021	CC
3PS3	LpxC	LpxC	not given	LpxC	--	--	--	--	--	2021	CC
3U1Y	LpxC	LpxC	Pseudomonas aeruginosa	LpxC	--	--	--	--	--	2021	CC
3UHM	LpxC	LpxC	Pseudomonas aeruginosa	LpxC	--	--	--	--	--	2021	CC
4FW3	LpxC	LpxC	Pseudomonas aeruginosa	LpxC	--	--	--	--	--	2021	CC
4FW4	LpxC	LpxC	Pseudomonas aeruginosa	LpxC	--	--	--	--	--	2021	CC
4FW6	LpxC	LpxC	Pseudomonas aeruginosa	LpxC	--	--	--	--	--	2021	CC
4IS9	LpxC	LpxC	not given	LpxC	--	--	--	--	--	2021	CC
4ISA	LpxC	LpxC	not given	LpxC	--	--	--	--	--	2021	CC
4J3D	LpxC	LpxC	Pseudomonas aeruginosa	LpxC	--	--	--	--	--	2021	CC
4LCF	LpxC	LpxC	Pseudomonas aeruginosa	LpxC	--	--	--	--	--	2021	CC
4MQY	LpxC	LpxC	not given	LpxC	--	--	--	--	--	2021	CC
4OKG	LpxC	LpxC	Pseudomonas aeruginosa	LpxC	--	--	--	--	--	2021	CC
5DRO	LpxC	LpxC	Aquifex aeolicus	LpxC	--	--	--	--	--	2021	CC
5DRQ	LpxC	LpxC	Pseudomonas aeruginosa	LpxC	--	--	--	--	--	2021	CC
5DRR	LpxC	LpxC	Pseudomonas aeruginosa	LpxC	--	--	--	--	--	2021	CC
5N8C	LpxC	LpxC	Pseudomonas aeruginosa	LpxC	--	--	--	--	--	2021	CC
5U39	LpxC	LpxC	Pseudomonas aeruginosa	LpxC	--	--	--	--	--	2021	CC
5U3B	LpxC	LpxC	Pseudomonas aeruginosa	LpxC	--	--	--	--	--	2021	CC
5UPG	LpxC	LpxC	Pseudomonas aeruginosa	LpxC	--	--	--	--	--	2021	CC
5VWM	LpxC	LpxC	Pseudomonas aeruginosa	LpxC	--	--	--	--	--	2021	CC
6CAX	LpxC	LpxC	Pseudomonas aeruginosa	LpxC	--	--	--	--	--	2021	CC
6DUI	LpxC	LpxC	Pseudomonas aeruginosa	LpxC	--	--	--	--	--	2021	CC
6IH0	LpxC	LpxC	Aquifex aeolicus	LpxC	--	--	--	--	--	2021	CC
6MO4	LpxC	LpxC	Pseudomonas aeruginosa	LpxC	--	--	--	--	--	2021	CC
6MOD	LpxC	LpxC	Pseudomonas aeruginosa	LpxC	--	--	--	--	--	2021	CC
6MOO	LpxC	LpxC	Pseudomonas aeruginosa	LpxC	--	--	--	--	--	2021	CC
4OZE	LpxC	LpxC	Aquifex aeolicus	LpxC	--	--	--	--	--	2021	CC
1HEW	Lysozyme	Lysozyme	--	Lysozyme 	0	129	21	627.6	0	2010	sm/tb
1LZB	Lysozyme	Lysozyme	--	Lysozyme	0.177	129	21	627.6	0	2010	sm/tb
1LZG	Lysozyme	Lysozyme	--	Lysozyme	0.182	129	13	408.406	0	2010	sm/tb
1LZC	Lysozyme	Lysozyme	--	Lysozyme	0.213	129	28	830.794	0	2010	sm/tb
1LZE	Lysozyme	Lysozyme	--	Lysozyme	0.224	129	28	830.794	0	2010	sm/tb
1BB6	Lysozyme	Lysozyme	--	Lysozyme	0.47	127	22	785.756	0	2010	sm/tb
1LMC	Lysozyme	Lysozyme	--	Lysozyme	0.488	127	16	550.542	-1	2010	sm/tb
1LMO	Lysozyme	Lysozyme	--	Lysozyme	0.488	127	14	424.405	0	2010	sm/tb
1LZY	Lysozyme	Lysozyme	--	Lysozyme	0.49	129	14	424.405	0	2010	sm/tb
1BB7	Lysozyme	Lysozyme	--	Lysozyme	0.495	127	15	582.561	0	2010	sm/tb
1LMP	Lysozyme	Lysozyme	--	Lysozyme	0.496	127	21	627.6	0	2010	sm/tb
1LMQ	Lysozyme	Lysozyme	--	Lysozyme	0.496	127	28	830.794	0	2010	sm/tb
1LJN	Lysozyme	Lysozyme	--	Lysozyme	0.499	129	14	424.405	0	2010	sm/tb
1BB5	Lysozyme	Lysozyme	--	Lysozyme	0.558	126	21	627.6	0	2010	sm/tb
1RDI	Mannose_Lectin	Mannose_Lectin	--	--	0	111	4	178.185	0	2010	sm/tb
1RDJ	Mannose_Lectin	Mannose_Lectin	--	--	0.064	111	4	164.158	0	2010	sm/tb
1RDK	Mannose_Lectin	Mannose_Lectin	--	--	0.106	111	6	180.158	0	2010	sm/tb
1RDN	Mannose_Lectin	Mannose_Lectin	--	--	0.131	111	7	221.21	0	2010	sm/tb
1RDL	Mannose_Lectin	Mannose_Lectin	--	--	0.147	111	6	180.158	0	2010	sm/tb
6VNX	MEK1	MEK1	--	--	--	--	--	--	--	2021	CC
7JUR	MEK1	MEK1	--	--	--	--	--	--	--	2021	CC
1NW5	Methyltransferase	Methyltransferase	--	--	--	--	10	399.451	1	2010	sm/tb
1NW7	Methyltransferase	Methyltransferase	--	--	--	--	10	384.416	0	2010	sm/tb
2AA2	Mineralocorticoid_Receptor 	Mineralocorticoid_Receptor 	--	--	0	252	4	360.45	0	2012	sm/tb
2AA7	Mineralocorticoid_Receptor 	Mineralocorticoid_Receptor 	--	--	0.168	252	3	330.467	0	2012	sm/tb
2AA5	Mineralocorticoid_Receptor 	Mineralocorticoid_Receptor 	--	--	0.389	247	1	314.468	0	2012	sm/tb
2AAX	Mineralocorticoid_Receptor 	Mineralocorticoid_Receptor 	--	--	0.414	240	4	360.45	0	2010	sm/tb
2AB2	Mineralocorticoid_Receptor 	Mineralocorticoid_Receptor 	--	--	0.455	243	2	416.582	0	2012	sm/tb
2AA6	Mineralocorticoid_Receptor 	Mineralocorticoid_Receptor 	--	--	0.458	245	1	314.468	0	2012	sm/tb
1C5C	Misc	21D8_Decarboxylase	--	--	--	--	4	343.338	-2	2010	sm/tb
1U4D	Misc	ACK1	--	--	--	--	2	245.241	0	2012	sm/tb
3EML	Misc	Adenosine_A2a_receptor	--	--	--	--	--	--	--	2021	CC
1LI4	Misc	Adenosylhomocysteinase	--	--	--	--	--	--	--	2021	CC
2AK3	Misc	Adenylate_Kinase	--	--	--	--	7	345.208	-2	2010	sm/tb
1JU9	Misc	Alcohol_Dehydrogenase	--	--	--	--	9	424.18	-3	2010	sm/tb
3JDW	Misc	Amidinotransferase	--	--	--	--	6	532.568	0	2010	sm/tb
1TXR	Misc	Aminopeptidase	--	--	--	--	11	307.37	-1	2010	sm/tb
1HAK	Misc	Annexin	--	--	--	--	7	425.615	1	2010	sm/tb
1W6F	Misc	Arylamine Acetyltransferase	--	--	--	--	2	138.149	1	2010	sm/tb
9AAT	Misc	Aspartate_Aminotransferase	--	--	--	--	5	247.168	-1	2010	sm/tb
1LRH	Misc	Auxin_Binding_Protein	--	--	--	--	2	185.202	-1	2012	sm/tb
1JJE	Misc	Beta_Lactamase	--	--	--	--	7	340.332	-2	2012	sm/tb
1JJT	Misc	Beta_Lactamase	--	--	--	--	7	384.342	-2	2012	sm/tb
1L2S	Misc	Beta_Lactamase	--	--	--	--	4	316.766	-1	2012	sm/tb
1XGI	Misc	Beta_Lactamase	--	--	--	--	4	327.318	-1	2012	sm/tb
1XGJ	Misc	Beta_Lactamase	--	--	--	--	6	341.322	-2	2012	sm/tb
2V3F	Misc	Beta-glucocerebrosidase	--	--	--	--	--	--	--	2021	CC
3L5D	Misc	Beta-secretase	1	--	--	--	--	--	--	2021	CC
1YDR	Misc	cAMP_Dependent_Kinase	--	--	--	--	2	292.382	1	2010	sm/tb
1S5O	Misc	Carnitine_Acetyltransferase	--	--	--	--	5	161.201	0	2010	sm/tb
2CNK	Misc	Caspase-3	--	--	--	--	--	--	--	2021	CC
1F3D	Misc	Catalytic_Antibody 	--	--	--	--	4	203.287	0	2010	sm/tb
2BR1	Misc	Chk1_Kinase	--	--	--	--	8	391.426	0	2012	sm/tb
1COM	Misc	Chorismat_ Mutase	--	--	--	--	5	224.17	-2	2010	sm/tb
4CTS	Misc	Citrate_Synthase	--	--	--	--	3	130.057	-2	2010	sm/tb
2ZDT	Misc	c-Jun_N-terminal_kinase_3	--	--	--	--	--	--	--	2021	CC
3HAD	Misc	CoA_Dehydrogenase	--	--	--	--	5	356.785	-1	2010	sm/tb
1W7X	Misc	Coagulation_factor_VII	--	--	--	--	--	--	--	2021	CC
1H1D	Misc	COMT	--	--	--	--	8	439.391	0	2012	sm/tb
3ODU	Misc	C-X-C_chemokine_receptor_type_4	--	--	--	--	--	--	--	2021	CC
1CTT	Misc	Cytidine_Deaminase	--	--	--	--	5	230.221	0	2010	sm/tb
1OF6	Misc	DAHP_Synthase 	--	--	--	--	4	181.191	0	2012	sm/tb
1P62	Misc	dCK	--	--	--	--	5	263.201	0	2012	sm/tb
1V1J	Misc	Dehydroquinase	--	--	--	--	4	191.136	-1	2010	sm/tb
6NNC	Misc	DHFR		--	--	--	--	--	--	2021	CC
1TUF	Misc	Diaminopimelate_Decarboxylase	--	--	--	--	8	186.208	-2	2010	sm/tb
1ITU	Misc	Dipeptidase	--	--	--	--	--	--	--	2021	CC
3PBL	Misc	Dopamine_D3_receptor	--	--	--	--	--	--	--	2021	CC
4XP4	Misc	Dopamine_Transporter	--	--	--	--	--	--	--	2021	CC
3EQH	Misc	Dual_specificity_mitogen-activated_protein_kinase_kinase_1	--	--	--	--	--	--	--	2021	CC
1HI4	Misc	EDN	--	--	--	--	8	423.172	-4	2010	sm/tb
1VJ5	Misc	Epoxide_Hydrolase	--	--	--	--	4	344.195	0	2010	sm/tb
1TOW	Misc	FABP	--	--	--	--	4	252.293	-1	2012	sm/tb
1YGC	Misc	Factor_VII	--	--	--	--	16	546.599	1	2012	sm/tb
1ZW5	Misc	Farnesyl_diphosphate_synthase	--	--	--	--	--	--	--	2021	CC
1HFC	Misc	Fibroblast_Collagenase	--	--	--	--	12	348.422	-1	2010	sm/tb
3C4F	Misc	Fibroblast_growth_factor_receptor_1	--	--	--	--	--	--	--	2021	CC
1J4H	Misc	FK506-binding_protein	1a	--	--	--	--	--	--	2021	CC
1FKI	Misc	FKBP	12	--	--	--	0	437.576	0	2010	sm/tb
3BZ3	Misc	Focal_adhesion_kinase_1	--	--	--	--	--	--	--	2021	CC
5ZV2	Misc	FRFR-1		--	--	--	--	--	--	2021	CC
1UMG	Misc	Fructose_Bisphosphatase	--	--	--	--	12	336.086	-4	2010	sm/tb
1YZ0	Misc	Fructose_Bisphosphatase	--	--	--	--	7	345.208	-2	2010	sm/tb
1MZC	Misc	Ftase	--	--	--	--	6	472.61	1	2012	sm/tb
2GBP	Misc	Galactose_Binding_Protein	--	--	--	--	6	180.158	0	2010	sm/tb
5GAL	Misc	Galectin	--	--	--	--	13	383.353	0	2010	sm/tb
1LF9	Misc	Glucoamylase	--	--	--	--	22	646.62	1	2010	sm/tb
1J8V	Misc	Glucohydrolase	--	--	--	--	12	358.367	0	2010	sm/tb
1V4S	Misc	Glucokinase	--	--	--	--	6	349.413	0	2012	sm/tb
1HOR	Misc	Glucosamine_Deaminase	--	--	--	--	11	260.161	-1	2010	sm/tb
8A3H	Misc	Glycosidase	--	--	--	--	11	362.337	0	2010	sm/tb
2BVD	Misc	Glycoside_Hydrolase	--	--	--	--	10	310.324	1	2010	sm/tb
1QIN	Misc	Glyoxalase	--	--	--	--	16	567.338	-1	2010	sm/tb
1QCF	Misc	Hck_Tyrosine_Kinase	--	--	--	--	3	281.36	0	2010	sm/tb
1YVF	Misc	HCV_Polymerase	--	--	--	--	8	437.269	-1	2012	sm/tb
1G9V	Misc	Hemoglobin	deoxy	--	--	--	7	340.399	-1	2012	sm/tb
3LQ8	Misc	Hepatocyte_growth_factor_receptor	--	--	--	--	--	--	--	2021	CC
3F9M	Misc	Hexokinase_type_IV	--	--	--	--	--	--	--	2021	CC
1HSL	Misc	Histidine_Binding_Protein	--	--	--	--	3	155.156	0	2010	sm/tb
3MAX	Misc	Histone_deacetylase	2	--	--	--	--	--	--	2021	CC
3F07	Misc	Histone_deacetylase	8	--	--	--	--	--	--	2021	CC
1F9H	Misc	HPPK	--	--	--	--	3	195.181	0	2012	sm/tb
3NF7	Misc	HIV_Integrase	--	--	--	--	--	--	--	2021	CC
1W3Y	Misc	Hyaluronidase	--	--	--	--	22	389.466	-1	2010	sm/tb
2PHH	Misc	Hydroxybenzoate_Hydroxylase	--	--	--	--	15	557.304	0	2010	sm/tb
1HEX	Misc	Isopropylmalate_Dehydrogenase 	--	--	--	--	17	662.423	-1	2010	sm/tb
1PMN	Misc	JNK	--	--	--	--	7	485.459	0	2012	sm/tb
1S2A	Misc	Ketoreductase	--	--	--	--	5	356.785	-1	2010	sm/tb
3CJO	Misc	Kinesin-like_protein_1	--	--	--	--	--	--	--	2021	CC
1CET	Misc	Lactate_Dehydrogenase	--	--	--	--	8	320.885	1	2010	sm/tb
1LAN	Misc	Leucine_AminoPeptidase	--	--	--	--	5	134.199	1	2010	sm/tb
2ICA	Misc	Leukocyte_adhesion_glycoprotein_LFA-1_alpha	--	--	--	--	--	--	--	2021	CC
3CHP	Misc	Leukotriene_A4_hydrolase	--	--	--	--	--	--	--	2021	CC
1YQY	Misc	LF_Metalloprotease	--	--	--	--	6	345.372	-1	2012	sm/tb
3KRJ	Misc	Macrophage_colony_stimulating_factor_receptor	--	--	--	--	--	--	--	2021	CC
1MLD	Misc	Malate_Dehydrogenase	--	--	--	--	6	189.102	-3	2010	sm/tb
1UR5	Misc	Malate_Dehydrogenase	--	--	--	--	17	662.423	-1	2010	sm/tb
1A9U	Misc	MAP_Kinase	p38	--	--	--	3	377.442	0	2010	sm/tb
1BL7	Misc	MAP_Kinase	p38	--	--	--	4	339.396	1	2010	sm/tb
1KV2	Misc	MAP_Kinase	p38	--	--	--	10	527.666	0	2012	sm/tb
1YWR	Misc	MAP_Kinase	--	--	--	--	6	472.565	0	2012	sm/tb
3ERK	Misc	MAP_Kinase	--	--	--	--	7	268.356	0	2010	sm/tb
2OJG	Misc	ERK	2	--	--	--	--	--	--	2021	CC
2QD9	Misc	MAP_Kinase	p38	--	--	--	--	--	--	2021	CC
3M2W	Misc	MAP_kinase-activated_protein_kinase_2	--	--	--	--	--	--	--	2021	CC
4AAH	Misc	Methanol_Dehydrogenase	--	--	--	--	3	327.186	-3	2010	sm/tb
1R58	Misc	Methionine_Aminopeptidase	--	--	--	--	11	360.885	1	2012	sm/tb
1IK4	Misc	Methylglyoxal_Synthase	--	--	--	--	5	169.031	-2	2010	sm/tb
1ITV	Misc	MMP	9	--	--	--	0	96.0636	-2	2012	sm/tb
1Z3C	Misc	mRNA_methyltransferase	--	--	--	--	10	382.4	1	2010	sm/tb
1MUP	Misc	MUP	--	--	--	--	2	143.253	0	2010	sm/tb
1YV3	Misc	Myosin	--	--	--	--	2	292.337	0	2012	sm/tb
1NGP	Misc	N1G9	--	--	--	--	3	196.139	-1	2010	sm/tb
6HLO	Misc	Neurokinin	--	--	--	--	--	--	--	2021	CC
4LBD	Misc	Nuclear_Retinoid_Receptor	--	--	--	--	6	398.454	-1	2010	sm/tb
1HP0	Misc	Nucleoside_Hydrolase	--	--	--	--	6	266.257	0	2010	sm/tb
4S0V	Misc	Orexin_Receptor 	--	--	--	--	--	--	--	2021	CC
1NJJ	Misc	Orthinine_Decarboxylase	--	--	--	--	12	500.59	4	2010	sm/tb
1A7A	Misc	PAH_Hydrolase	--	--	--	--	3	231.214	0	2012	sm/tb
1SQ5	Misc	Pantothenate_Kinase	--	--	--	--	9	218.23	-1	2012	sm/tb
1N2J	Misc	Pantothenate_Synthetase	--	--	--	--	5	147.151	-1	2012	sm/tb
1LRU	Misc	Peptide_deformylase	--	--	--	--	--	--	--	2021	CC
1PGP	Misc	Phosphogluconate_Dehydrogenase	--	--	--	--	11	273.113	-3	2010	sm/tb
1DJX	Misc	Phospholipase	C-delta_1	--	--	--	9	414.05	-6	2010	sm/tb
1MAI	Misc	Phospholipase	C-delta_1	--	--	--	9	414.05	-6	2010	sm/tb
1QPQ	Misc	PhosporibosylTransferase	--	--	--	--	2	165.105	-2	2010	sm/tb
2PK4	Misc	Plasminogen	--	--	--	--	5	131.175	0	2010	sm/tb
1HNN	Misc	PNMT	--	--	--	--	2	212.273	0	2012	sm/tb
1WM1	Misc	Prolyl_AminoPeptidase	--	--	--	--	3	224.283	1	2010	sm/tb
3.00E+37	Misc	Protein_farnesyltransferase	--	--	--	--	--	--	--	2021	CC
2I0E	Misc	Protein_kinase_C_beta	--	--	--	--	--	--	--	2021	CC
1PA9	Misc	Protein_Tyrosine_Phosphatase	--	--	--	--	3	234.166	-1	2010	sm/tb
1HQ2	Misc	Pyrophosphokinase	--	--	--	--	3	195.181	0	2012	sm/tb
1SG0	Misc	Quinone_Reductase	--	--	--	--	6	228.247	0	2012	sm/tb
3G6Z	Misc	Renin	--	--	--	--	--	--	--	2021	CC
1MV9	Misc	Retinoid_X_receptor_alpha	--	--	--	--	--	--	--	2021	CC
1RBP	Misc	Retinol_Binding_Protein 	--	--	--	--	10	286.457	0	2010	sm/tb
2ETR	Misc	Rho-associated_protein_kinase_1	--	--	--	--	--	--	--	2021	CC
1BR5	Misc	Ricin_A_Chain	--	--	--	--	7	253.218	0	2010	sm/tb
1QAN	Misc	rRNA_Methyltransferase	--	--	--	--	10	384.416	0	2010	sm/tb
1RBO	Misc	Rubisco	--	--	--	--	12	351.077	-5	2010	sm/tb
1MVC	Misc	RXR	--	--	--	--	3	379.476	-1	2012	sm/tb
3CQW	Misc	Serine/threonine-protein_kinase_AKT	--	--	--	--	--	--	--	2021	CC
3D0E	Misc	Serine/threonine-protein_kinase_AKT2	--	--	--	--	--	--	--	2021	CC
3D4Q	Misc	Serine/threonine-protein_kinase_B-raf	--	--	--	--	--	--	--	2021	CC
2OWB	Misc	Serine/threonine-protein_kinase_PLK1	--	--	--	--	--	--	--	2021	CC
3BIZ	Misc	Serine/threonine-protein_kinase_WEE1	--	--	--	--	--	--	--	2021	CC
1SSQ	Misc	Serine_Acetyltransferase	--	--	--	--	3	121.16	0	2010	sm/tb
4IAQ	Misc	Serotonin_Receptor	5HT1B	--	--	--	--	--	--	2021	CC
1PL8	Misc	Sorbitol_Dehydrogenase	--	--	--	--	17	662.423	-1	2010	sm/tb
1BYG	Misc	SRC_Kinase	--	--	--	--	2	467.547	1	2010	sm/tb
2SRC	Misc	SRC_Kinase	--	--	--	--	10	290.25	-1	2012	sm/tb
1SNC	Misc	Staphylococcal_Nuclease	--	--	--	--	6	398.16	-4	2010	sm/tb
1D6S	Misc	Sulfhydrylase	--	--	--	--	10	375.319	-3	2010	sm/tb
1IG3	Misc	Thiamin_Pyrophosphokinase	--	--	--	--	6	265.359	1	2012	sm/tb
1UOU	Misc	Thymidine_Phosphorylase	--	--	--	--	3	242.665	0	2012	sm/tb
1W2G	Misc	Thymidylate_Kinase	--	--	--	--	4	242.232	0	2012	sm/tb
1N2V	Misc	Transglycoylase	--	--	--	--	3	208.22	0	2012	sm/tb
1TKB	Misc	Transketolase	--	--	--	--	9	421.307	-2	2010	sm/tb
1TZ8	Misc	Transthyretin	--	--	--	--	7	268.356	0	2012	sm/tb
1NLI	Misc	Trichosanthin	--	--	--	--	1	135.128	0	2010	sm/tb
4TIM	Misc	Triosphosphate_Isomerase	--	--	--	--	5	183.034	-3	2010	sm/tb
6TIM	Misc	Triosphosphate_Isomerase	--	--	--	--	6	170.059	-2	2010	sm/tb
7TIM	Misc	Triosphosphate_Isomerase	--	--	--	--	5	169.031	-2	2010	sm/tb
1P9P	Misc	tRNA_Methyltransferase	--	--	--	--	10	384.416	0	2010	sm/tb
1V2X	Misc	tRNA_Methyltransferase	--	--	--	--	10	399.451	1	2010	sm/tb
4TS1	Misc	tRNA_Synthetase	--	--	--	--	4	181.191	0	2010	sm/tb
1X8X	Misc	Tyrosyl_tRNA_Synthetase	--	--	--	--	4	181.191	0	2012	sm/tb
1EJN	Misc	uPA	--	--	--	--	7	342.464	1	2010	sm/tb
1U1C	Misc	Uridine_Phosphorylase	--	--	--	--	7	276.292	0	2012	sm/tb
2YPI	Misc	Triosephosphate_Isomerase	--	--	--	--	--	--	--	2012	sm/tb
1RMZ	MMP	MMP	12	MMP 	0	159	9	316.378	0	2010	sm/tb
3F17	MMP	MMP	12	MMP	0.383	158	9	290.297	0	2010	sm/tb
3F18	MMP	MMP	12	MMP	0.429	158	6	306.342	0	2010	sm/tb
1Y93	MMP	MMP	12	MMP	0.437	158	2	75.0673	0	2010	sm/tb
1ROS	MMP	MMP	12	MMP	0.44	158	9	470.501	-1	2010	sm/tb
2OXW	MMP	MMP	12	MMP	0.441	158	9	244.314	1	2010	sm/tb
3F15	MMP	MMP	12	MMP	0.444	158	7	388.421	-1	2010	sm/tb
3F19	MMP	MMP	12	MMP	0.448	158	9	292.288	0	2010	sm/tb
3F1A	MMP	MMP	12	MMP	0.46	158	6	248.235	0	2010	sm/tb
3EHX	MMP	MMP	12	MMP	0.477	158	4	458.676	0	2010	sm/tb
3F16	MMP	MMP	12	MMP	0.489	158	12	334.35	0	2010	sm/tb
3EHY	MMP	MMP	12	MMP	0.49	158	6	346.427	-1	2010	sm/tb
1GKC	MMP	MMP	9	MMP	0.567	143	12	315.413	0	2012	sm/tb
2USN	MMP	MMP	3	MMP	0.646	148	6	208.154	-2	2010	sm/tb
1USN	MMP	MMP	3	MMP	0.75	148	8	427.379	0	2010	sm/tb
830C	MMP	MMP	13	--	--	--	--	--	--	2021	CC
1JYS	MTA_SAH_NUCLEOSIDASE	MTA_SAH_NUCLEOSIDASE	--	--	0	226	1	135.128	0	2010	sm/tb
1NC1	MTA_SAH_NUCLEOSIDASE	MTA_SAH_NUCLEOSIDASE	--	--	1.01	196	6	296.35	0	2010	sm/tb
1NC3	MTA_SAH_NUCLEOSIDASE	MTA_SAH_NUCLEOSIDASE	--	--	1.02	197	6	267.244	0	2010	sm/tb
1E6Q	Myrosinase	Myrosinase	--	--	0	499	5	202.17	0	2010	sm/tb
1E6S	Myrosinase	Myrosinase	--	--	0.06	499	7	192.172	0	2010	sm/tb
1.00E+72	Myrosinase	Myrosinase	--	--	0.064	499	7	192.172	0	2010	sm/tb
1R1H	Neprilysin	Neprilysin	--	--	--	--	9	417.421	-1	2012	sm/tb
5JMY	Neprilysin	Neprilysin	--	--	--	--	--	--	--	2021	CC
1A4G	Neuraminidase	Neuraminidase	B	Neuraminidase	0	390	11	332.314	0	2010	sm/tb
1NSD	Neuraminidase	Neuraminidase	B	Neuraminidase	0.171	390	10	290.25	-1	2010	sm/tb
1A4Q	Neuraminidase	Neuraminidase	B	Neuraminidase	0.203	390	10	389.451	0	2010	sm/tb
1VCJ	Neuraminidase	Neuraminidase	B	Neuraminidase	0.275	386	9	349.43	0	2010	sm/tb
1INF	Neuraminidase	Neuraminidase	B	Neuraminidase	0.3	387	5	236.23	0	2010	sm/tb
1B9T	Neuraminidase	Neuraminidase	B	Neuraminidase	0.325	388	8	322.321	0	2010	sm/tb
1B9S	Neuraminidase	Neuraminidase	B	Neuraminidase	0.331	388	8	291.327	-1	2010	sm/tb
1IVB	Neuraminidase	Neuraminidase	B	Neuraminidase	0.367	386	4	239.164	-1	2010	sm/tb
3CKZ	Neuraminidase	Neuraminidase	A	Neuraminidase	0.844	263	17	654.711	-1	2010	sm/tb
1INW	Neuraminidase	Neuraminidase	A	Neuraminidase	0.847	258	10	327.228	-2	2010	sm/tb
3CL0	Neuraminidase	Neuraminidase	A	Neuraminidase	0.849	264	11	332.314	0	2010	sm/tb
1IVF	Neuraminidase	Neuraminidase	A	Neuraminidase	0.866	259	10	290.25	-1	2010	sm/tb
2HU0	Neuraminidase	Neuraminidase	A	Neuraminidase	0.869	257	7	284.356	0	2010	sm/tb
2BAT	Neuraminidase	Neuraminidase	A	Neuraminidase	0.87	260	11	308.265	-1	2010	sm/tb
2HU4	Neuraminidase	Neuraminidase	A	Neuraminidase	0.888	262	7	284.356	0	2010	sm/tb
2HTU	Neuraminidase	Neuraminidase	A	Neuraminidase	0.928	255	10	328.412	0	2010	sm/tb
2HT8	Neuraminidase	Neuraminidase	A	Neuraminidase	0.93	253	7	284.356	0	2010	sm/tb
2HTR	Neuraminidase	Neuraminidase	A	Neuraminidase	0.935	257	10	290.25	-1	2010	sm/tb
2QWI	Neuraminidase	Neuraminidase	A	Neuraminidase	0.935	251	9	341.367	0	2010	sm/tb
1XOG	Neuraminidase	Neuraminidase	A	Neuraminidase	0.936	250	8	300.332	-1	2010	sm/tb
2HTW	Neuraminidase	Neuraminidase	A	Neuraminidase	0.936	263	10	290.25	-1	2010	sm/tb
1NNB	Neuraminidase	Neuraminidase	A	Neuraminidase	0.94	251	10	290.25	-1	2010	sm/tb
1NNC	Neuraminidase	Neuraminidase	A	Neuraminidase	0.942	253	11	332.314	0	2010	sm/tb
2QWF	Neuraminidase	Neuraminidase	A	Neuraminidase	0.943	253	9	341.367	0	2010	sm/tb
1F8B	Neuraminidase	Neuraminidase	A	Neuraminidase	0.946	253	10	290.25	-1	2010	sm/tb
2HT7	Neuraminidase	Neuraminidase	A	Neuraminidase	0.946	254	7	284.356	0	2010	sm/tb
2HTQ	Neuraminidase	Neuraminidase	A	Neuraminidase	0.946	252	11	332.314	0	2010	sm/tb
1F8D	Neuraminidase	Neuraminidase	A	Neuraminidase	0.948	253	9	290.273	0	2010	sm/tb
1BJI	Neuraminidase	Neuraminidase	A	Neuraminidase	0.949	253	10	389.451	0	2010	sm/tb
1F8E	Neuraminidase	Neuraminidase	A	Neuraminidase	0.95	254	8	290.296	1	2010	sm/tb
1L7G	Neuraminidase	Neuraminidase	A	Neuraminidase	0.95	254	10	328.412	0	2010	sm/tb
1MWE	Neuraminidase	Neuraminidase	A	Neuraminidase	0.95	254	11	308.265	-1	2010	sm/tb
1XOE	Neuraminidase	Neuraminidase	A	Neuraminidase	0.95	252	8	300.355	0	2010	sm/tb
2QWC	Neuraminidase	Neuraminidase	A	Neuraminidase	0.951	254	10	290.25	-1	2010	sm/tb
2QWG	Neuraminidase	Neuraminidase	A	Neuraminidase	0.951	254	7	299.327	0	2010	sm/tb
2QWD	Neuraminidase	Neuraminidase	A	Neuraminidase	0.952	254	9	290.273	0	2010	sm/tb
2QWJ	Neuraminidase	Neuraminidase	A	Neuraminidase	0.952	254	7	299.327	0	2010	sm/tb
1L7F	Neuraminidase	Neuraminidase	A	Neuraminidase	0.953	255	10	328.412	0	2010	sm/tb
1F8C	Neuraminidase	Neuraminidase	A	Neuraminidase	0.954	255	9	290.273	0	2010	sm/tb
2QWH	Neuraminidase	Neuraminidase	A	Neuraminidase	0.955	255	7	284.356	0	2010	sm/tb
2QWE	Neuraminidase	Neuraminidase	A	Neuraminidase	0.958	255	11	332.314	0	2010	sm/tb
2QWK	Neuraminidase	Neuraminidase	A	Neuraminidase	0.962	255	7	284.356	0	2010	sm/tb
1L7H	Neuraminidase	Neuraminidase	A	Neuraminidase	0.963	256	10	328.412	0	2010	sm/tb
1B9V	Neuraminidase	Neuraminidase	--	--	--	--	--	--	--	2021	CC
1EUS	Neuraminidase	Neuraminidase	--	--	--	--	10	290.25	-1	2010	sm/tb
1MZ6	Neuraminidase	Neuraminidase	--	--	--	--	10	290.25	-1	2010	sm/tb
1N1T	Neuraminidase	Neuraminidase	--	--	--	--	10	290.25	-1	2010	sm/tb
1N1V	Neuraminidase	Neuraminidase	--	--	--	--	10	290.25	-1	2010	sm/tb
1N1Y	Neuraminidase	Neuraminidase	--	--	--	--	11	308.265	-1	2010	sm/tb
1V3C	Neuraminidase	Neuraminidase	--	--	--	--	11	308.265	-1	2010	sm/tb
1V3D	Neuraminidase	Neuraminidase	--	--	--	--	10	290.25	-1	2010	sm/tb
1V3E	Neuraminidase	Neuraminidase	--	--	--	--	11	332.314	0	2010	sm/tb
2F10	Neuraminidase	Neuraminidase	--	--	--	--	10	328.412	0	2010	sm/tb
2SIM	Neuraminidase	Neuraminidase	--	--	--	--	6	397.952	0	2010	sm/tb
3B50	Neuraminidase	Neuraminidase	--	--	--	--	14	474.768	0	2010	sm/tb
4SLI	Neuraminidase	Neuraminidase	--	--	--	--	12	332.331	-1	2010	sm/tb
1MMV	Nitric_Oxide_Synthase	Nitric_Oxide_Synthase	--	--	--	--	9	217.291	1	2012	sm/tb
1MMW	Nitric_Oxide_Synthase	Nitric_Oxide_Synthase	--	--	--	--	9	199.253	0	2012	sm/tb
1QW6	Nitric_Oxide_Synthase	Nitric_Oxide_Synthase	--	--	--	--	--	--	--	2021	CC
1EIX	OMP_Decarboxylase	OMP_Decarboxylase	--	OMP_Decarboxylase	0	462	6	337.16	-3	2010	sm/tb
1DBT	OMP_Decarboxylase	OMP_Decarboxylase	--	OMP_Decarboxylase	0.953	391	6	322.168	-2	2010	sm/tb
1LOR	OMP_Decarboxylase	OMP_Decarboxylase	--	OMP_Decarboxylase	1.085	123	6	337.16	-3	2010	sm/tb
1LOQ	OMP_Decarboxylase	OMP_Decarboxylase	--	OMP_Decarboxylase	1.102	121	6	322.168	-2	2010	sm/tb
1LOS	OMP_Decarboxylase	OMP_Decarboxylase	--	OMP_Decarboxylase	1.156	175	6	323.156	-2	2010	sm/tb
1DVJ	OMP_Decarboxylase	OMP_Decarboxylase	--	OMP_Decarboxylase	1.179	129	6	323.156	-2	2010	sm/tb
1DQX	OMP_Decarboxylase	OMP_Decarboxylase	--	OMP_Decarboxylase	1.19	87	6	337.16	-3	2010	sm/tb
1DUV	Ornithine_Transcarbamoylase	Ornithine_Transcarbamoylase	--	--	--	--	10	288.221	-2	2010	sm/tb
1OTH	Ornithine_Transcarbamoylase	Ornithine_Transcarbamoylase	--	--	--	--	9	251.156	-3	2010	sm/tb
1EFY	PARP	PARP	--	--	--	--	4	267.287	0	2012	sm/tb
4TVJ	PARP	PARP	1	--	--	--	--	--	--	2021	CC
3L3M	PARP	PARP	--	--	--	--	--	--	--	2021	CC
1AI5	Penicillin_Acylase	Penicillin_Acylase	--	--	0	763	2	180.14	-1	2010	sm/tb
1GM7	Penicillin_Acylase	Penicillin_Acylase	--	--	0.339	763	5	333.388	-1	2012	sm/tb
1GM8	Penicillin_Acylase	Penicillin_Acylase	--	--	0.385	763	5	349.387	-1	2012	sm/tb
1GM9	Penicillin_Acylase	Penicillin_Acylase	--	--	0.407	762	5	349.387	-1	2012	sm/tb
1OYN	Phosphodiesterase	Phosphodiesterase	4D	Phosphodiesterase	0	334	4	275.348	0	2010	sm/tb
1XON	Phosphodiesterase	Phosphodiesterase	4D	Phosphodiesterase	0.366	321	6	381.258	0	2010	sm/tb
1XOR	Phosphodiesterase	Phosphodiesterase	4D	Phosphodiesterase	0.375	320	4	268.22	0	2010	sm/tb
1XOQ	Phosphodiesterase	Phosphodiesterase	4D	Phosphodiesterase	0.403	324	8	403.212	0	2010	sm/tb
1XOM	Phosphodiesterase	Phosphodiesterase	--	Phosphodiesterase	0.434	324	6	342.415	-1	2012	sm/tb
1XLZ	Phosphodiesterase	Phosphodiesterase	--	Phosphodiesterase	0.499	315	8	292.335	0	2012	sm/tb
1XLX	Phosphodiesterase	Phosphodiesterase	--	Phosphodiesterase	0.504	314	6	342.415	-1	2012	sm/tb
1XN0	Phosphodiesterase	Phosphodiesterase	--	Phosphodiesterase	0.519	315	4	275.348	0	2012	sm/tb
1XM4	Phosphodiesterase	Phosphodiesterase	--	Phosphodiesterase	0.525	315	6	381.258	0	2012	sm/tb
1XMU	Phosphodiesterase	Phosphodiesterase	--	Phosphodiesterase	0.527	315	8	403.212	0	2012	sm/tb
1XM6	Phosphodiesterase	Phosphodiesterase	4B	Phosphodiesterase	0.541	318	5	265.309	0	2012	sm/tb
1XOS	Phosphodiesterase	Phosphodiesterase	--	Phosphodiesterase	0.544	316	7	474.584	0	2012	sm/tb
1XMY	Phosphodiesterase	Phosphodiesterase	--	Phosphodiesterase	0.546	317	4	275.348	0	2012	sm/tb
1XOT	Phosphodiesterase	Phosphodiesterase	--	Phosphodiesterase	0.557	314	8	488.611	0	2012	sm/tb
1XP0	Phosphodiesterase	Phosphodiesterase	--	Phosphodiesterase	0.868	216	8	488.611	0	2012	sm/tb
1XOZ	Phosphodiesterase	Phosphodiesterase	--	Phosphodiesterase	0.933	216	1	389.411	0	2012	sm/tb
1UDT	Phosphodiesterase 	Phosphodiesterase 	5	--	--	--	--	--	--	2021	CC
1HN4	Phospholipase	Phospholipase	A2	Phospholipase_A2 (Ref)	0	256	24	491.548	-1	2010	sm/tb
2B00	Phospholipase	Phospholipase	A2	Phospholipase_A2	0.526	106	10	464.622	-1	2010	sm/tb
2AZY	Phospholipase	Phospholipase	A2	Phospholipase_A2	0.553	105	7	406.562	0	2010	sm/tb
2AZZ	Phospholipase	Phospholipase	A2	Phospholipase_A2	0.601	106	11	514.704	-1	2010	sm/tb
3HSW	Phospholipase	Phospholipase	A2	Phospholipase_A2	0.665	113	17	662.423	-1	2010	sm/tb
2B01	Phospholipase	Phospholipase	A2	Phospholipase_A2	0.681	105	10	498.704	-1	2010	sm/tb
1OYF	Phospholipase	Phospholipase	A2	Phospholipase_A2	0.719	70	6	130.23	0	2010	sm/tb
1KPM	Phospholipase	Phospholipase	A2	Phospholipase_A2	0.721	69	13	430.714	0	2010	sm/tb
2QVD	Phospholipase	Phospholipase	A2	Phospholipase_A2	0.732	67	2	336.367	1	2010	sm/tb
1SV9	Phospholipase	Phospholipase	A2	Phospholipase_A2	0.737	66	4	295.144	-1	2010	sm/tb
1SV3	Phospholipase	Phospholipase	A2	Phospholipase_A2	0.753	66	2	151.142	-1	2010	sm/tb
3H1X	Phospholipase	Phospholipase	A2	Phospholipase_A2	0.783	66	5	514.215	0	2010	sm/tb
2OYF	Phospholipase	Phospholipase	A2	Phospholipase_A2	0.789	66	2	174.179	-1	2010	sm/tb
1KQU	Phospholipase	Phospholipase	A2	Phospholipase_A2	0.84	91	15	394.534	-1	2010	sm/tb
1KVO	Phospholipase	Phospholipase	A2	Phospholipase_A2	0.891	91	17	502.697	-1	2010	sm/tb
4XE0	PI3Kd	PI3Kd	--	--	--	--	--	--	--	2021	CC
1FM9	PPAR_Kinase	PPAR_Kinase	--	PPAR_Kinase	0	288	12	545.614	-1	2012	sm/tb
3ET3	PPAR_Kinase	PPAR_Kinase	--	PPAR_Kinase	0.466	264	7	388.421	-1	2012	sm/tb
2Q6S	PPAR_Kinase	PPAR_Kinase	--	PPAR_Kinase	0.502	231	6	403.201	-1	2012	sm/tb
3FEJ	PPAR_Kinase	PPAR_Kinase	--	PPAR_Kinase	0.516	255	9	431.68	-1	2012	sm/tb
2Q61	PPAR_Kinase	PPAR_Kinase	--	PPAR_Kinase	0.519	248	5	392.885	-1	2012	sm/tb
2GTK	PPAR_Kinase	PPAR_Kinase	--	PPAR_Kinase	0.532	254	8	437.902	-1	2012	sm/tb
2Q5S	PPAR_Kinase	PPAR_Kinase	--	PPAR_Kinase	0.555	248	5	427.33	-1	2012	sm/tb
2Q6R	PPAR_Kinase	PPAR_Kinase	--	PPAR_Kinase	0.557	228	6	422.911	-1	2012	sm/tb
3ET0	PPAR_Kinase	PPAR_Kinase	--	PPAR_Kinase	0.561	254	10	388.53	1	2012	sm/tb
2HWR	PPAR_Kinase	PPAR_Kinase	--	PPAR_Kinase	0.588	256	12	548.658	-1	2012	sm/tb
3PBA	PPAR_Kinase	PPAR_Kinase	--	PPAR_Kinase	0.612	249	5	622.931	-1	2012	sm/tb
2HWQ	PPAR_Kinase	PPAR_Kinase	--	PPAR_Kinase	0.621	245	12	520.605	-1	2012	sm/tb
2FVJ	PPAR_Kinase	PPAR_Kinase	--	PPAR_Kinase	0.646	253	10	542.675	0	2012	sm/tb
3FUR	PPAR_Kinase	PPAR_Kinase	--	PPAR_Kinase	0.649	246	9	430.932	-1	2012	sm/tb
2Q5P	PPAR_Kinase	PPAR_Kinase	--	PPAR_Kinase	0.687	249	10	526.489	-1	2012	sm/tb
3LMP	PPAR_Kinase	PPAR_Kinase	--	PPAR_Kinase	0.697	264	8	485.493	0	2012	sm/tb
3ET1	PPAR_Kinase	PPAR_Kinase	--	PPAR_Kinase	0.703	246	4	218.232	-1	2012	sm/tb
3FEI	PPAR_Kinase	PPAR_Kinase	--	PPAR_Kinase	0.736	244	13	554.092	1	2012	sm/tb
3ET2	PPAR_Kinase	PPAR_Kinase	--	PPAR_Kinase	0.852	247	7	388.421	-1	2012	sm/tb
2P54	PPAR_Kinase	PPAR_Kinase	--	--	--	--	--	--	--	2021	CC
2ZNP	PPAR_Kinase	PPAR_Kinase	--	--	--	--	--	--	--	2021	CC
1A28	Progesterone_Receptor	Progesterone_Receptor	--	--	0	251	1	314.468	0	2010	sm/tb
1SQN	Progesterone_Receptor	Progesterone_Receptor	--	--	0.249	248	2	298.425	0	2012	sm/tb
1SR7	Progesterone_Receptor	Progesterone_Receptor	--	--	0.362	249	6	521.437	0	2012	sm/tb
3KBA	Progesterone_Receptor	Progesterone_Receptor	--	--	--	--	--	--	--	2021	CC
3D90	Progesterone_Receptor	Progesterone_Receptor	--	--	--	--	--	--	--	2020	CC
1C83	Protein_Tyrosine_Phosphatase	Protein_Tyrosine_Phosphatase	1B	Protein_Tyrosine_Phosphatase 	0	297	4	246.179	-2	2010	sm/tb
1C88	Protein_Tyrosine_Phosphatase	Protein_Tyrosine_Phosphatase	1B	Protein_Tyrosine_Phosphatase	0.17	297	4	269.258	-1	2010	sm/tb
1C87	Protein_Tyrosine_Phosphatase	Protein_Tyrosine_Phosphatase	1B	Protein_Tyrosine_Phosphatase	0.248	297	4	269.235	-2	2010	sm/tb
1C84	Protein_Tyrosine_Phosphatase	Protein_Tyrosine_Phosphatase	1B	Protein_Tyrosine_Phosphatase	0.264	297	4	257.202	-2	2010	sm/tb
1C86	Protein_Tyrosine_Phosphatase	Protein_Tyrosine_Phosphatase	1B	Protein_Tyrosine_Phosphatase	0.268	296	4	269.235	-2	2010	sm/tb
2BGE	Protein_Tyrosine_Phosphatase	Protein_Tyrosine_Phosphatase	1B	Protein_Tyrosine_Phosphatase	0.36	297	1	212.229	0	2010	sm/tb
1BZJ	Protein_Tyrosine_Phosphatase	Protein_Tyrosine_Phosphatase	1B	Protein_Tyrosine_Phosphatase	0.391	297	3	299.147	-3	2010	sm/tb
1QXK	Protein_Tyrosine_Phosphatase	Protein_Tyrosine_Phosphatase	1B	Protein_Tyrosine_Phosphatase	0.437	278	19	517.512	-1	2010	sm/tb
1KAV	Protein_Tyrosine_Phosphatase	Protein_Tyrosine_Phosphatase	1B	Protein_Tyrosine_Phosphatase	0.438	290	9	466.263	-4	2010	sm/tb
1BZC	Protein_Tyrosine_Phosphatase	Protein_Tyrosine_Phosphatase	1B	Protein_Tyrosine_Phosphatase	0.45	294	10	427.278	-3	2010	sm/tb
1G7G	Protein_Tyrosine_Phosphatase	Protein_Tyrosine_Phosphatase	1B	Protein_Tyrosine_Phosphatase	0.458	295	22	596.614	-3	2010	sm/tb
1T49	Protein_Tyrosine_Phosphatase	Protein_Tyrosine_Phosphatase	1B	Protein_Tyrosine_Phosphatase	0.475	267	12	395.909	1	2010	sm/tb
1PYN	Protein_Tyrosine_Phosphatase	Protein_Tyrosine_Phosphatase	1B	Protein_Tyrosine_Phosphatase	0.491	269	21	602.595	-2	2010	sm/tb
1T48	Protein_Tyrosine_Phosphatase	Protein_Tyrosine_Phosphatase	1B	Protein_Tyrosine_Phosphatase	0.514	267	9	658.345	0	2010	sm/tb
1G7F	Protein_Tyrosine_Phosphatase	Protein_Tyrosine_Phosphatase	1B	Protein_Tyrosine_Phosphatase	0.525	291	19	540.55	-3	2010	sm/tb
1Q6S	Protein_Tyrosine_Phosphatase	Protein_Tyrosine_Phosphatase	1B	Protein_Tyrosine_Phosphatase	0.534	272	9	736.608	-4	2010	sm/tb
1Q6M	Protein_Tyrosine_Phosphatase	Protein_Tyrosine_Phosphatase	1B	Protein_Tyrosine_Phosphatase	0.541	264	10	681.424	-4	2010	sm/tb
1Q6T	Protein_Tyrosine_Phosphatase	Protein_Tyrosine_Phosphatase	1B	Protein_Tyrosine_Phosphatase	0.552	270	13	822.741	-4	2010	sm/tb
1Q6P	Protein_Tyrosine_Phosphatase	Protein_Tyrosine_Phosphatase	1B	Protein_Tyrosine_Phosphatase	0.557	268	9	671.533	-4	2010	sm/tb
2AZR	Protein_Tyrosine_Phosphatase	Protein_Tyrosine_Phosphatase	1B	--	--	--	--	--	--	2021	CC
1B8O	Purine_Nucleoside_Phosphorylase	Purine_Nucleoside_Phosphorylase	--	--	0	280	5	267.265	1	2012	sm/tb
1V48	Purine_Nucleoside_Phosphorylase	Purine_Nucleoside_Phosphorylase	--	--	0.532	255	7	335.207	-2	2012	sm/tb
1ULB	Purine_Nucleoside_Phosphorylase	Purine_Nucleoside_Phosphorylase	--	--	0.645	259	1	151.128	0	2010	sm/tb
3BGS	Purine_Nucleoside_Phosphorylase	Purine_Nucleoside_Phosphorylase	--	--	--	--	--	--	--	2021	CC
1Q1G	Purine_Nucleoside_Phosphorylase	Purine_Nucleoside_Phosphorylase	--	--	--	--	5	297.358	1	2012	sm/tb
1JN4	Ribonuclease_A	Ribonuclease_A	--	Ribonuclease_A 	0	124	14	635.378	-2	2010	sm/tb
1O0F	Ribonuclease_A	Ribonuclease_A	--	Ribonuclease_A	0.285	123	8	423.172	-4	2010	sm/tb
1O0H	Ribonuclease_A	Ribonuclease_A	--	Ribonuclease_A	0.304	123	9	424.18	-3	2010	sm/tb
1AFK	Ribonuclease_A	Ribonuclease_A	--	Ribonuclease_A	0.308	124	10	502.144	-5	2010	sm/tb
1Z6S	Ribonuclease_A	Ribonuclease_A	--	Ribonuclease_A	0.321	123	7	345.208	-2	2010	sm/tb
1QHC	Ribonuclease_A	Ribonuclease_A	--	Ribonuclease_A	0.324	124	16	791.305	-6	2010	sm/tb
1O0N	Ribonuclease_A	Ribonuclease_A	--	Ribonuclease_A	0.326	123	6	322.168	-2	2010	sm/tb
1O0M	Ribonuclease_A	Ribonuclease_A	--	Ribonuclease_A	0.333	123	6	322.168	-2	2010	sm/tb
1W4Q	Ribonuclease_A	Ribonuclease_A	--	Ribonuclease_A	0.336	123	5	324.159	-2	2010	sm/tb
1W4O	Ribonuclease_A	Ribonuclease_A	--	Ribonuclease_A	0.358	123	6	322.168	-2	2010	sm/tb
1W4P	Ribonuclease_A	Ribonuclease_A	--	Ribonuclease_A	0.373	123	5	306.169	-2	2010	sm/tb
1ROB	Ribonuclease_A	Ribonuclease_A	--	Ribonuclease_A	0.447	123	7	321.183	-2	2010	sm/tb
1U1B	Ribonuclease_A	Ribonuclease_A	--	Ribonuclease_A	0.498	123	16	805.332	-6	2010	sm/tb
4RSK	Ribonuclease_A	Ribonuclease_A	--	Ribonuclease_A	0.666	122	6	322.168	-2	2010	sm/tb
1BIR	Ribonuclease_T1	Ribonuclease_T1	--	Ribonuclease_T1 	0	104	7	361.208	-2	2010	sm/tb
1RNT	Ribonuclease_T1	Ribonuclease_T1	--	Ribonuclease_T1	0.288	104	7	361.208	-2	2010	sm/tb
2AAD	Ribonuclease_T1	Ribonuclease_T1	--	Ribonuclease_T1	0.305	104	7	361.208	-2	2010	sm/tb
3BIR	Ribonuclease_T1	Ribonuclease_T1	--	Ribonuclease_T1	0.323	104	6	366.425	0	2010	sm/tb
1RGK	Ribonuclease_T1	Ribonuclease_T1	--	Ribonuclease_T1	0.37	104	7	345.208	-2	2010	sm/tb
1RGL	Ribonuclease_T1	Ribonuclease_T1	--	Ribonuclease_T1	0.387	104	7	361.208	-2	2010	sm/tb
5BIR	Ribonuclease_T1	Ribonuclease_T1	--	Ribonuclease_T1	0.405	103	7	361.208	-2	2010	sm/tb
1MRG	Ribosome_Inactivating_Protein	Ribosome_Inactivating_Protein	--	--	0	246	1	149.155	0	2010	sm/tb
1MRK	Ribosome_Inactivating_Protein	Ribosome_Inactivating_Protein	--	--	0.584	240	6	267.244	0	2010	sm/tb
3STD	Scytalone_Dehydratase	Scytalone_Dehydratase	--	--	0	162	6	364.45	0	2010	sm/tb
7STD	Scytalone_Dehydratase	Scytalone_Dehydratase	--	--	0.3	162	5	334.672	0	2010	sm/tb
5STD	Scytalone_Dehydratase	Scytalone_Dehydratase	--	--	0.334	162	5	375.421	0	2010	sm/tb
6STD	Scytalone_Dehydratase	Scytalone_Dehydratase	--	--	0.342	162	5	413.162	0	2010	sm/tb
4STD	Scytalone_Dehydratase	Scytalone_Dehydratase	--	--	0.364	162	5	338.176	0	2010	sm/tb
2STD	Scytalone_Dehydratase	Scytalone_Dehydratase	--	--	0.554	152	11	502.168	-4	2010	sm/tb
4SGA	SG_Protease_A	SG_Protease_A	--	--	0	181	12	471.533	-1	2010	sm/tb
5SGA	SG_Protease_A	SG_Protease_A	--	--	0.043	181	13	487.533	-1	2010	sm/tb
1XBB	Spleen_Tyrosine_Kinase	Spleen_Tyrosine_Kinase	--	--	0	268	7	493.611	0	2010	sm/tb
1XBC	Spleen_Tyrosine_Kinase	Spleen_Tyrosine_Kinase	--	--	0.514	261	2	465.531	1	2010	sm/tb
3EL8	SRC_Kinase	SRC_Kinase	--	--	--	--	--	--	--	2021	CC
1DF8	Streptavidin	Streptavidin	--	Streptavidin 	0	118	5	243.307	-1	2010	sm/tb
1STP	Streptavidin	Streptavidin	--	Streptavidin	0.363	116	5	243.307	-1	2010	sm/tb
1SRI	Streptavidin	Streptavidin	--	Streptavidin	0.365	115	5	269.28	-1	2010	sm/tb
2IZL	Streptavidin	Streptavidin	--	Streptavidin	0.376	118	5	243.33	0	2010	sm/tb
1SRG	Streptavidin	Streptavidin	--	Streptavidin	0.388	115	5	255.253	-1	2010	sm/tb
1SRJ	Streptavidin	Streptavidin	--	Streptavidin	0.39	114	5	291.286	-1	2010	sm/tb
1SWR	Streptavidin	Streptavidin	--	Streptavidin	0.391	116	5	243.307	-1	2010	sm/tb
1SWP	Streptavidin	Streptavidin	--	Streptavidin	0.448	116	5	243.307	-1	2010	sm/tb
1LI6	T4_Lysozyme	T4_Lysozyme	--	T4_Lysozyme 	0	162	0	81.1173	0	2010	sm/tb
181L	T4_Lysozyme	T4_Lysozyme	--	T4_Lysozyme	0.171	162	0	78.1136	0	2010	sm/tb
186L	T4_Lysozyme	T4_Lysozyme	--	T4_Lysozyme	0.171	162	3	134.221	0	2010	sm/tb
187L	T4_Lysozyme	T4_Lysozyme	--	T4_Lysozyme	0.179	162	0	106.167	0	2010	sm/tb
182L	T4_Lysozyme	T4_Lysozyme	--	T4_Lysozyme	0.218	162	0	118.135	0	2010	sm/tb
185L	T4_Lysozyme	T4_Lysozyme	--	T4_Lysozyme	0.228	162	0	117.15	0	2010	sm/tb
188L	T4_Lysozyme	T4_Lysozyme	--	T4_Lysozyme	0.278	161	0	106.167	0	2010	sm/tb
184L	T4_Lysozyme	T4_Lysozyme	--	T4_Lysozyme	0.279	161	2	134.221	0	2010	sm/tb
2OU0	T4_Lysozyme	T4_Lysozyme	--	T4_Lysozyme	0.281	162	0	81.1173	0	2010	sm/tb
183L	T4_Lysozyme	T4_Lysozyme	--	T4_Lysozyme	0.283	161	0	116.163	0	2010	sm/tb
2OTZ	T4_Lysozyme	T4_Lysozyme	--	T4_Lysozyme	0.328	162	1	107.155	0	2010	sm/tb
1XEP	T4_Lysozyme	T4_Lysozyme	--	T4_Lysozyme	0.367	160	2	110.112	0	2010	sm/tb
2OTY	T4_Lysozyme	T4_Lysozyme	--	T4_Lysozyme	0.378	160	0	147.003	0	2010	sm/tb
4TMN	Thermolysin	Thermolysin	--	Thermolysin 	0	316	16	517.519	-2	2010	sm/tb
1Z9G	Thermolysin	Thermolysin	--	Thermolysin	0.101	316	7	251.306	-2	2010	sm/tb
2TMN	Thermolysin	Thermolysin	--	Thermolysin	0.105	316	5	334.672	0	2010	sm/tb
6TMN	Thermolysin	Thermolysin	--	Thermolysin	0.105	316	16	470.459	-2	2010	sm/tb
5TMN	Thermolysin	Thermolysin	--	Thermolysin	0.106	316	16	469.475	-2	2010	sm/tb
1TLP	Thermolysin	Thermolysin	--	Thermolysin	0.119	316	15	541.495	-2	2010	sm/tb
1ZDP	Thermolysin	Thermolysin	--	Thermolysin	0.126	316	7	251.306	-2	2010	sm/tb
1HYT	Thermolysin	Thermolysin	--	Thermolysin	0.127	316	5	206.198	-2	2010	sm/tb
1KRO	Thermolysin	Thermolysin	--	Thermolysin	0.143	316	8	252.247	-1	2010	sm/tb
1QF2	Thermolysin	Thermolysin	--	Thermolysin	0.145	316	10	411.501	-1	2010	sm/tb
1KS7	Thermolysin	Thermolysin	--	Thermolysin	0.147	316	8	265.222	-2	2010	sm/tb
1KTO	Thermolysin	Thermolysin	--	Thermolysin	0.15	316	6	222.221	-1	2010	sm/tb
1KL6	Thermolysin	Thermolysin	--	Thermolysin	0.161	316	6	222.221	-1	2010	sm/tb
1OS0	Thermolysin	Thermolysin	--	Thermolysin	0.161	316	13	493.519	-1	2010	sm/tb
1PE8	Thermolysin	Thermolysin	--	Thermolysin	0.163	316	4	333.388	-1	2010	sm/tb
4TLN	Thermolysin	Thermolysin	--	Thermolysin	0.167	316	4	146.189	0	2010	sm/tb
1KJP	Thermolysin	Thermolysin	--	Thermolysin	0.169	316	9	279.249	-2	2010	sm/tb
1KKK	Thermolysin	Thermolysin	--	Thermolysin	0.169	316	8	265.222	-2	2010	sm/tb
1KJO	Thermolysin	Thermolysin	--	Thermolysin	0.172	316	8	252.247	-1	2010	sm/tb
1KR6	Thermolysin	Thermolysin	--	Thermolysin	0.173	316	9	279.249	-2	2010	sm/tb
5TLN	Thermolysin	Thermolysin	--	Thermolysin	0.177	316	12	322.341	-1	2010	sm/tb
1PE5	Thermolysin	Thermolysin	--	Thermolysin	0.178	316	4	421.497	-1	2010	sm/tb
1PE7	Thermolysin	Thermolysin	--	Thermolysin	0.185	316	4	395.459	-1	2010	sm/tb
1QF0	Thermolysin	Thermolysin	--	Thermolysin	0.2	316	15	491.588	-1	2010	sm/tb
1THL	Thermolysin	Thermolysin	--	Thermolysin	0.2	316	12	474.556	-2	2010	sm/tb
1QF1	Thermolysin	Thermolysin	--	Thermolysin	0.204	316	14	379.5	-1	2010	sm/tb
1KTS	Thrombin	Thrombin	--	Thrombin 	0	252	14	500.58	1	2010	sm/tb
1KTT	Thrombin	Thrombin	--	Thrombin	0.263	252	8	420.515	1	2010	sm/tb
1D3D	Thrombin	Thrombin	--	Thrombin	0.291	250	10	593.628	2	2010	sm/tb
1Z71	Thrombin	Thrombin	--	Thrombin	0.296	250	9	497.328	0	2010	sm/tb
1NM6	Thrombin	Thrombin	--	Thrombin	0.303	249	2	511.067	2	2010	sm/tb
1VZQ	Thrombin	Thrombin	--	Thrombin	0.305	250	7	450.494	2	2010	sm/tb
1OYT	Thrombin	Thrombin	--	Thrombin	0.31	250	6	407.468	1	2012	sm/tb
1SL3	Thrombin	Thrombin	--	Thrombin	0.311	250	10	552.327	0	2010	sm/tb
1D3P	Thrombin	Thrombin	--	Thrombin	0.313	250	12	545.746	2	2010	sm/tb
1ZRB	Thrombin	Thrombin	--	Thrombin	0.315	249	8	493.969	1	2010	sm/tb
1T4V	Thrombin	Thrombin	--	Thrombin	0.317	249	9	497.444	1	2010	sm/tb
1SB1	Thrombin	Thrombin	--	Thrombin	0.32	250	12	573.781	0	2010	sm/tb
1EB1	Thrombin	Thrombin	--	Thrombin	0.337	250	13	424.587	2	2010	sm/tb
1D6W	Thrombin	Thrombin	--	Thrombin	0.338	250	9	527.604	0	2010	sm/tb
1MU8	Thrombin	Thrombin	--	Thrombin	0.339	249	9	446.432	0	2010	sm/tb
1MUE	Thrombin	Thrombin	--	Thrombin	0.339	250	9	467.835	0	2010	sm/tb
1MU6	Thrombin	Thrombin	--	Thrombin	0.344	250	9	432.405	0	2010	sm/tb
1GHV	Thrombin	Thrombin	--	Thrombin	0.346	249	4	254.271	1	2010	sm/tb
1K22	Thrombin	Thrombin	--	Thrombin	0.35	251	13	430.527	1	2010	sm/tb
1GHW	Thrombin	Thrombin	--	Thrombin	0.352	249	5	253.284	1	2010	sm/tb
1K21	Thrombin	Thrombin	--	Thrombin	0.355	249	14	439.578	1	2010	sm/tb
1O5G	Thrombin	Thrombin	--	Thrombin	0.366	249	7	383.446	1	2010	sm/tb
1O0D	Thrombin	Thrombin	--	Thrombin	0.37	249	14	459.569	1	2010	sm/tb
1D4P	Thrombin	Thrombin	--	Thrombin	0.373	250	7	361.467	1	2010	sm/tb
1NT1	Thrombin	Thrombin	--	Thrombin	0.374	250	1	505.013	0	2010	sm/tb
1O2G	Thrombin	Thrombin	--	Thrombin	0.374	249	5	328.393	1	2010	sm/tb
1C5O	Thrombin	Thrombin	--	Thrombin	0.378	250	3	121.162	1	2010	sm/tb
1TA2	Thrombin	Thrombin	--	Thrombin	0.381	250	12	480.027	1	2010	sm/tb
1BA8	Thrombin	Thrombin	--	Thrombin	0.383	252	14	467.569	1	2012	sm/tb
1TA6	Thrombin	Thrombin	--	Thrombin	0.387	250	5	324.159	-2	2010	sm/tb
1C5N	Thrombin	Thrombin	--	Thrombin	0.388	250	3	303.146	1	2010	sm/tb
1C4U	Thrombin	Thrombin	--	Thrombin	0.395	252	11	582.498	1	2010	sm/tb
1D9I	Thrombin	Thrombin	--	Thrombin	0.4	251	8	476.577	1	2010	sm/tb
1NZQ	Thrombin	Thrombin	--	Thrombin	0.402	250	14	459.569	1	2010	sm/tb
1C4V	Thrombin	Thrombin	--	Thrombin	0.425	252	11	529.662	1	2010	sm/tb
8KME	Thrombin	Thrombin	--	Thrombin	0.43	250	28	756.001	2	2010	sm/tb
1UVT	Thrombin	Thrombin	--	Thrombin	0.484	246	8	384.479	1	2010	sm/tb
1JWT	Thrombin	Thrombin	--	Thrombin	0.502	251	10	493.607	1	2010	sm/tb
1ETT	Thrombin	Thrombin	--	Thrombin	0.559	247	10	429.563	1	2010	sm/tb
1YPE	Thrombin	Thrombin	--	--	--	--	--	--	--	2021	CC
2B8T	Thymidine_Kinase	Thymidine_Kinase	--	--	--	--	--	--	--	2021	CC
1KIM	Thymidine_Kinase	Thymidine_Kinase	--	--	--	--	4	242.232	0	2012	sm/tb
1OF1	Thymidine_Kinase	Thymidine_Kinase	--	--	--	--	4	252.27	0	2012	sm/tb
1F4E	Thymidylate_Synthase	Thymidylate_Synthase	--	Thymidylate_Synthase 	0	264	3	268.314	-1	2010	sm/tb
1F4F	Thymidylate_Synthase	Thymidylate_Synthase	--	Thymidylate_Synthase	0.556	258	10	425.396	-3	2010	sm/tb
1F4G	Thymidylate_Synthase	Thymidylate_Synthase	--	Thymidylate_Synthase	0.567	258	14	496.475	-3	2010	sm/tb
1HVY	Thymidylate_Synthase	Thymidylate_Synthase	--	Thymidylate_Synthase	0.706	241	10	456.479	-2	2012	sm/tb
1JMG	Thymidylate_Synthase	Thymidylate_Synthase	--	Thymidylate_Synthase	0.755	244	5	306.169	-2	2010	sm/tb
1TSY	Thymidylate_Synthase	Thymidylate_Synthase	--	Thymidylate_Synthase	0.757	243	5	306.169	-2	2010	sm/tb
1BP0	Thymidylate_Synthase	Thymidylate_Synthase	--	Thymidylate_Synthase 	0.76	243	5	306.169	-2	2010	sm/tb
1NJE	Thymidylate_Synthase	Thymidylate_Synthase	--	Thymidylate_Synthase	0.762	245	6	305.184	-2	2010	sm/tb
1JMI	Thymidylate_Synthase	Thymidylate_Synthase	--	Thymidylate_Synthase	0.77	241	5	306.169	-2	2010	sm/tb
1JMF	Thymidylate_Synthase	Thymidylate_Synthase	--	Thymidylate_Synthase	0.773	244	5	306.169	-2	2010	sm/tb
1NJA	Thymidylate_Synthase	Thymidylate_Synthase	--	Thymidylate_Synthase	0.783	242	6	305.184	-2	2010	sm/tb
1NJD	Thymidylate_Synthase	Thymidylate_Synthase	--	Thymidylate_Synthase	0.786	244	5	306.169	-2	2010	sm/tb
1SYN	Thymidylate_Synthase	Thymidylate_Synthase	--	--	--	--	--	--	--	2021	CC
1TDB	Thymidylate_Synthase	Thymidylate_Synthase	--	--	--	--	--	--	--	2012	sm/tb
1N46	Thyroid_Hormone_Receptor	Thyroid_Hormone_Receptor	--	--	--	--	5	367.404	0	2012	sm/tb
1NAV	Thyroid_Hormone_Receptor	Thyroid_Hormone_Receptor	--	--	--	--	6	354.209	-1	2012	sm/tb
1Y0X	Thyroid_Hormone_Receptor	Thyroid_Hormone_Receptor	--	--	--	--	--	--	--	2021	CC
1Q4X	Thyroid_Hormone_Receptor	Thyroid_Hormone_Receptor	B1	--	--	--	--	--	--	2021	CC
1PPC	Trypsin	Trypsin	--	Trypsin 	0	223	13	522.648	1	2010	sm/tb
1PPH	Trypsin	Trypsin	--	Trypsin	0.113	223	10	429.563	1	2010	sm/tb
1QB1	Trypsin	Trypsin	--	Trypsin	0.124	223	11	566.564	0	2010	sm/tb
1G36	Trypsin	Trypsin	--	Trypsin	0.125	223	8	424.528	1	2010	sm/tb
2BZA	Trypsin	Trypsin	--	Trypsin	0.125	223	1	108.163	1	2010	sm/tb
1F0U	Trypsin	Trypsin	--	Trypsin	0.128	223	12	460.576	2	2010	sm/tb
1F0T	Trypsin	Trypsin	--	Trypsin	0.131	223	9	446.531	1	2010	sm/tb
1CE5	Trypsin	Trypsin	--	Trypsin	0.132	223	3	121.162	1	2010	sm/tb
1LQE	Trypsin	Trypsin	--	Trypsin	0.133	223	9	441.576	2	2010	sm/tb
1TPS	Trypsin	Trypsin	--	Trypsin	0.136	223	24	1041.19	0	2010	sm/tb
1C5Q	Trypsin	Trypsin	--	Trypsin	0.143	223	3	303.146	1	2010	sm/tb
1K1M	Trypsin	Trypsin	--	Trypsin	0.153	223	11	508.621	1	2010	sm/tb
1K1L	Trypsin	Trypsin	--	Trypsin	0.177	223	10	467.592	2	2010	sm/tb
1K1J	Trypsin	Trypsin	--	Trypsin	0.183	223	12	523.633	1	2010	sm/tb
1V2V	Trypsin	Trypsin	--	Trypsin	0.191	221	3	121.162	1	2010	sm/tb
1V2J	Trypsin	Trypsin	--	Trypsin	0.226	219	3	121.162	1	2010	sm/tb
1EB2	Trypsin	Trypsin	--	Trypsin	0.237	223	11	469.563	1	2010	sm/tb
1TNH	Trypsin	Trypsin	--	Trypsin	0.253	223	1	126.154	1	2010	sm/tb
1TNG	Trypsin	Trypsin	--	Trypsin	0.263	223	1	114.211	1	2010	sm/tb
1K1I	Trypsin	Trypsin	--	Trypsin	0.265	223	11	508.598	0	2010	sm/tb
1TNK	Trypsin	Trypsin	--	Trypsin	0.265	223	3	136.217	1	2010	sm/tb
1TNL	Trypsin	Trypsin	--	Trypsin	0.265	223	1	134.201	1	2010	sm/tb
1TNJ	Trypsin	Trypsin	--	Trypsin	0.269	223	2	122.19	1	2010	sm/tb
1TNI	Trypsin	Trypsin	--	Trypsin	0.271	223	4	150.244	1	2010	sm/tb
1C5P	Trypsin	Trypsin	--	Trypsin	0.283	223	3	121.162	1	2010	sm/tb
1UTN	Trypsin	Trypsin	--	Trypsin	0.283	223	1	108.163	1	2010	sm/tb
1C5S	Trypsin	Trypsin	--	Trypsin	0.285	223	3	177.25	1	2010	sm/tb
1V2K	Trypsin	Trypsin	--	Trypsin	0.285	221	5	499.033	0	2010	sm/tb
1C5T	Trypsin	Trypsin	--	Trypsin	0.298	223	3	178.238	1	2010	sm/tb
1QB6	Trypsin	Trypsin	--	Trypsin	0.314	223	10	399.4	2	2010	sm/tb
1UTO	Trypsin	Trypsin	--	Trypsin	0.316	223	2	122.19	1	2010	sm/tb
1V2W	Trypsin	Trypsin	--	Trypsin	0.32	219	13	433.508	1	2010	sm/tb
1UTP	Trypsin	Trypsin	--	Trypsin	0.324	222	4	150.244	1	2010	sm/tb
1QBN	Trypsin	Trypsin	--	Trypsin	0.325	223	10	433.423	0	2010	sm/tb
1QB9	Trypsin	Trypsin	--	Trypsin	0.328	223	9	490.628	1	2010	sm/tb
1V2R	Trypsin	Trypsin	--	Trypsin	0.335	221	13	433.508	1	2010	sm/tb
1C1R	Trypsin	Trypsin	--	Trypsin	0.337	223	5	291.336	1	2010	sm/tb
1V2U	Trypsin	Trypsin	--	Trypsin	0.34	215	3	121.162	1	2010	sm/tb
1V2M	Trypsin	Trypsin	--	Trypsin	0.359	219	3	121.162	1	2010	sm/tb
1V2N	Trypsin	Trypsin	--	Trypsin	0.368	219	10	374.486	2	2010	sm/tb
1V2O	Trypsin	Trypsin	--	Trypsin	0.375	219	13	433.508	1	2010	sm/tb
1V2Q	Trypsin	Trypsin	--	Trypsin	0.379	219	13	433.508	1	2010	sm/tb
1V2T	Trypsin	Trypsin	--	Trypsin	0.387	219	13	433.508	1	2010	sm/tb
1V2L	Trypsin	Trypsin	--	Trypsin	0.39	220	3	121.162	1	2010	sm/tb
1V2S	Trypsin	Trypsin	--	Trypsin	0.398	218	3	121.162	1	2010	sm/tb
1QL7	Trypsin	Trypsin	--	Trypsin	0.424	223	5	499.033	0	2010	sm/tb
2BM2	Tryptase	Tryptase	--	--	--	--	7	400.544	1	2012	sm/tb
2ZEC	Tryptase	Tryptase	--	--	--	--	--	--	--	2021	CC
1A5S	Tryptophan_Synthase	Tryptophan_Synthase	--	Tryptophan_Synthase 	0	258	5	271.185	-2	2010	sm/tb
1CX9	Tryptophan_Synthase	Tryptophan_Synthase	--	Tryptophan_Synthase	0.302	258	7	259.266	-2	2010	sm/tb
1K7E	Tryptophan_Synthase	Tryptophan_Synthase	--	Tryptophan_Synthase	0.335	255	5	231.231	-1	2012	sm/tb
1K3U	Tryptophan_Synthase	Tryptophan_Synthase	--	Tryptophan_Synthase	0.341	258	7	288.26	-2	2012	sm/tb
1CW2	Tryptophan_Synthase	Tryptophan_Synthase	--	Tryptophan_Synthase	0.343	258	7	276.25	-2	2010	sm/tb
1C9D	Tryptophan_Synthase	Tryptophan_Synthase	--	Tryptophan_Synthase	0.402	258	7	278.241	-2	2010	sm/tb
1C8V	Tryptophan_Synthase	Tryptophan_Synthase	--	Tryptophan_Synthase	0.428	258	7	258.235	-2	2010	sm/tb
1OWE	Urokinase	Urokinase	--	--	--	--	6	290.345	1	2012	sm/tb
1SQT	Urokinase	Urokinase-type_plasminogen_activator	--	--	--	--	--	--	--	2021	CC
2P2I	VEGFR2_Kinase	VEGFR2_Kinase	--	--	--	--	--	--	--	2021	CC
1Y6B	VEGFR2_Kinase	VEGFR2_Kinase	--	--	--	--	8	476.556	0	2012	sm/tb
1DB1	Vitamin_D_Nuclear_Receptor	Vitamin_D_Nuclear_Receptor	--	Vitamin_D_Nuclear_Receptor 	0	250	11	416.644	0	2012	sm/tb
1TXI	Vitamin_D_Nuclear_Receptor	Vitamin_D_Nuclear_Receptor	--	Vitamin_D_Nuclear_Receptor	0.071	250	10	400.602	0	2012	sm/tb
1S19	Vitamin_D_Nuclear_Receptor	Vitamin_D_Nuclear_Receptor	--	Vitamin_D_Nuclear_Receptor	0.094	250	11	412.613	0	2012	sm/tb
1S0Z	Vitamin_D_Nuclear_Receptor	Vitamin_D_Nuclear_Receptor	--	Vitamin_D_Nuclear_Receptor	0.115	250	14	454.693	0	2012	sm/tb
2HB8	Vitamin_D_Nuclear_Receptor	Vitamin_D_Nuclear_Receptor	--	Vitamin_D_Nuclear_Receptor	0.189	250	11	430.671	0	2012	sm/tb
2HB7	Vitamin_D_Nuclear_Receptor	Vitamin_D_Nuclear_Receptor	--	Vitamin_D_Nuclear_Receptor	0.223	250	15	474.724	0	2012	sm/tb
3A3Z	Vitamin_D_Nuclear_Receptor	Vitamin_D_Nuclear_Receptor	--	Vitamin_D_Nuclear_Receptor	0.226	250	8	426.596	0	2012	sm/tb
1IE8	Vitamin_D_Nuclear_Receptor	Vitamin_D_Nuclear_Receptor	--	Vitamin_D_Nuclear_Receptor	0.227	250	14	460.697	0	2012	sm/tb
3AFR	Vitamin_D_Nuclear_Receptor	Vitamin_D_Nuclear_Receptor	--	Vitamin_D_Nuclear_Receptor	0.228	250	11	416.644	0	2012	sm/tb
2HAS	Vitamin_D_Nuclear_Receptor	Vitamin_D_Nuclear_Receptor	--	Vitamin_D_Nuclear_Receptor	0.238	246	14	474.724	0	2012	sm/tb
3CS4	Vitamin_D_Nuclear_Receptor	Vitamin_D_Nuclear_Receptor	--	Vitamin_D_Nuclear_Receptor	0.238	250	8	237.235	-1	2012	sm/tb
1IE9	Vitamin_D_Nuclear_Receptor	Vitamin_D_Nuclear_Receptor	--	Vitamin_D_Nuclear_Receptor	0.244	250	11	416.644	0	2012	sm/tb
3A2I	Vitamin_D_Nuclear_Receptor	Vitamin_D_Nuclear_Receptor	--	Vitamin_D_Nuclear_Receptor	0.259	247	8	426.596	0	2012	sm/tb
2HAR	Vitamin_D_Nuclear_Receptor	Vitamin_D_Nuclear_Receptor	--	Vitamin_D_Nuclear_Receptor	0.264	246	16	490.724	0	2012	sm/tb
3A40	Vitamin_D_Nuclear_Receptor	Vitamin_D_Nuclear_Receptor	--	Vitamin_D_Nuclear_Receptor	0.271	250	9	458.681	0	2012	sm/tb
2HAM	Vitamin_D_Nuclear_Receptor	Vitamin_D_Nuclear_Receptor	--	Vitamin_D_Nuclear_Receptor	0.277	246	13	458.725	0	2012	sm/tb
3A2J	Vitamin_D_Nuclear_Receptor	Vitamin_D_Nuclear_Receptor	--	Vitamin_D_Nuclear_Receptor	0.28	247	8	426.596	0	2012	sm/tb
1RK3	Vitamin_D_Nuclear_Receptor	Vitamin_D_Nuclear_Receptor	--	Vitamin_D_Nuclear_Receptor	0.411	231	11	416.644	0	2012	sm/tb
1RKG	Vitamin_D_Nuclear_Receptor	Vitamin_D_Nuclear_Receptor	--	Vitamin_D_Nuclear_Receptor	0.423	231	7	344.537	0	2012	sm/tb
2ZLC	Vitamin_D_Nuclear_Receptor	Vitamin_D_Nuclear_Receptor	--	Vitamin_D_Nuclear_Receptor	0.429	228	16	494.736	0	2012	sm/tb
2ZL9	Vitamin_D_Nuclear_Receptor	Vitamin_D_Nuclear_Receptor	--	Vitamin_D_Nuclear_Receptor	0.431	229	15	458.638	0	2012	sm/tb
3A78	Vitamin_D_Nuclear_Receptor	Vitamin_D_Nuclear_Receptor	--	Vitamin_D_Nuclear_Receptor	0.432	229	9	458.681	0	2012	sm/tb
1RKH	Vitamin_D_Nuclear_Receptor	Vitamin_D_Nuclear_Receptor	--	Vitamin_D_Nuclear_Receptor	0.439	231	11	418.66	0	2012	sm/tb
2ZLA	Vitamin_D_Nuclear_Receptor	Vitamin_D_Nuclear_Receptor	--	Vitamin_D_Nuclear_Receptor	0.444	228	16	494.736	0	2012	sm/tb
2O4R	Vitamin_D_Nuclear_Receptor	Vitamin_D_Nuclear_Receptor	--	Vitamin_D_Nuclear_Receptor	0.456	232	11	414.628	0	2012	sm/tb
3A2H	Vitamin_D_Nuclear_Receptor	Vitamin_D_Nuclear_Receptor	--	Vitamin_D_Nuclear_Receptor	0.457	230	13	430.671	0	2012	sm/tb
1RJK	Vitamin_D_Nuclear_Receptor	Vitamin_D_Nuclear_Receptor	--	Vitamin_D_Nuclear_Receptor	0.464	232	11	416.644	0	2012	sm/tb
2ZMJ	Vitamin_D_Nuclear_Receptor	Vitamin_D_Nuclear_Receptor	--	Vitamin_D_Nuclear_Receptor	0.47	226	12	520.796	0	2012	sm/tb
2ZMH	Vitamin_D_Nuclear_Receptor	Vitamin_D_Nuclear_Receptor	--	Vitamin_D_Nuclear_Receptor	0.476	229	5	426.313	0	2012	sm/tb
2ZMI	Vitamin_D_Nuclear_Receptor	Vitamin_D_Nuclear_Receptor	--	Vitamin_D_Nuclear_Receptor	0.487	231	11	506.769	0	2012	sm/tb
2ZXN	Vitamin_D_Nuclear_Receptor	Vitamin_D_Nuclear_Receptor	--	Vitamin_D_Nuclear_Receptor	0.492	228	13	430.671	0	2012	sm/tb
2ZFX	Vitamin_D_Nuclear_Receptor	Vitamin_D_Nuclear_Receptor	--	Vitamin_D_Nuclear_Receptor	0.508	230	6	366.425	0	2012	sm/tb
2ZXM	Vitamin_D_Nuclear_Receptor	Vitamin_D_Nuclear_Receptor	--	Vitamin_D_Nuclear_Receptor	0.519	229	13	534.823	0	2012	sm/tb
2HBH	Vitamin_D_Nuclear_Receptor	Vitamin_D_Nuclear_Receptor	--	Vitamin_D_Nuclear_Receptor	0.547	225	8	394.554	0	2012	sm/tb
2HC4	Vitamin_D_Nuclear_Receptor	Vitamin_D_Nuclear_Receptor	--	Vitamin_D_Nuclear_Receptor	0.55	227	11	416.644	0	2012	sm/tb
3DR1	Vitamin_D_Nuclear_Receptor	Vitamin_D_Nuclear_Receptor	--	Vitamin_D_Nuclear_Receptor	0.566	224	11	574.44	0	2012	sm/tb
3CS6	Vitamin_D_Nuclear_Receptor	Vitamin_D_Nuclear_Receptor	--	Vitamin_D_Nuclear_Receptor	0.574	226	9	444.655	0	2012	sm/tb
2HCD	Vitamin_D_Nuclear_Receptor	Vitamin_D_Nuclear_Receptor	--	Vitamin_D_Nuclear_Receptor	0.597	227	16	502.778	0	2012	sm/tb
1EBG	Yeast_Enolase	Yeast_Enolase	--	--	0	436	3	152.023	-3	2010	sm/tb
6ENL	Yeast_Enolase	Yeast_Enolase	--	--	0.671	390	3	153.008	-3	2010	sm/tb
5ENL	Yeast_Enolase	Yeast_Enolase	--	--	0.698	392	5	183.034	-3	2010	sm/tb
